/*
SQLyog Ultimate v12.09 (64 bit)
MySQL - 5.5.27 : Database - myblog
*********************************************************************
*/

/*!40101 SET NAMES utf8 */;

/*!40101 SET SQL_MODE=''*/;

/*!40014 SET @OLD_UNIQUE_CHECKS=@@UNIQUE_CHECKS, UNIQUE_CHECKS=0 */;
/*!40014 SET @OLD_FOREIGN_KEY_CHECKS=@@FOREIGN_KEY_CHECKS, FOREIGN_KEY_CHECKS=0 */;
/*!40101 SET @OLD_SQL_MODE=@@SQL_MODE, SQL_MODE='NO_AUTO_VALUE_ON_ZERO' */;
/*!40111 SET @OLD_SQL_NOTES=@@SQL_NOTES, SQL_NOTES=0 */;
CREATE DATABASE /*!32312 IF NOT EXISTS*/`myblog` /*!40100 DEFAULT CHARACTER SET utf8 */;

USE `myblog`;

/*Table structure for table `t_blog` */

DROP TABLE IF EXISTS `t_blog`;

CREATE TABLE `t_blog` (
  `bl_id` int(11) NOT NULL AUTO_INCREMENT,
  `title` varchar(32) NOT NULL,
  `content` text,
  `outline` varchar(256) NOT NULL,
  `flag` varchar(32) DEFAULT NULL,
  `recommend` tinyint(1) DEFAULT '1',
  `commentabled` tinyint(1) DEFAULT '1',
  `published` tinyint(1) DEFAULT '1',
  `creatdate` datetime DEFAULT NULL,
  `finaldate` datetime DEFAULT NULL,
  `views` int(11) DEFAULT '0',
  `ty_id` int(11) NOT NULL,
  PRIMARY KEY (`bl_id`),
  KEY `ty_id` (`ty_id`),
  CONSTRAINT `t_blog_ibfk_1` FOREIGN KEY (`ty_id`) REFERENCES `t_type` (`ty_id`)
) ENGINE=InnoDB AUTO_INCREMENT=43 DEFAULT CHARSET=utf8;

/*Data for the table `t_blog` */

insert  into `t_blog`(`bl_id`,`title`,`content`,`outline`,`flag`,`recommend`,`commentabled`,`published`,`creatdate`,`finaldate`,`views`,`ty_id`) values (1,'7891100111299000','<ol>\n<li style=\"list-style-type: none;\">\n<ol>\n<li style=\"list-style-type: none;\">\n<ol>\n<li style=\"list-style-type: none;\">\n<ol>\n<li><img src=\"https://cdn.jsdelivr.net/npm/tinymce-all-in-one@4.9.3/plugins/emoticons/img/smiley-cool.gif\" alt=\"cool\" />ssss\n<table style=\"border-collapse: collapse; width: 100%;\" border=\"1\">\n<tbody>\n<tr>\n<td style=\"width: 10%;\">\n<pre class=\"language-cpp\"><code>aaaaa</code></pre>\n</td>\n<td style=\"width: 10%;\">&nbsp;</td>\n<td style=\"width: 10%;\">sds</td>\n<td style=\"width: 10%;\">sd</td>\n<td style=\"width: 10%;\">&nbsp;</td>\n<td style=\"width: 10%;\">&nbsp;</td>\n<td style=\"width: 10%;\">&nbsp;</td>\n<td style=\"width: 10%;\">&nbsp;</td>\n<td style=\"width: 10%;\">&nbsp;</td>\n<td style=\"width: 10%;\">&nbsp;</td>\n</tr>\n<tr>\n<td style=\"width: 10%;\">&nbsp;</td>\n<td style=\"width: 10%;\"><span style=\"background-color: #008080;\"><sub>sdsd</sub></span></td>\n<td style=\"width: 10%;\">&nbsp;</td>\n<td style=\"width: 10%;\">&nbsp;</td>\n<td style=\"width: 10%;\">&nbsp;</td>\n<td style=\"width: 10%;\">&nbsp;</td>\n<td style=\"width: 10%;\">&nbsp;</td>\n<td style=\"width: 10%;\">&nbsp;</td>\n<td style=\"width: 10%;\">&nbsp;</td>\n<td style=\"width: 10%;\">&nbsp;</td>\n</tr>\n<tr>\n<td style=\"width: 10%;\">&nbsp;</td>\n<td style=\"width: 10%;\">&nbsp;</td>\n<td style=\"width: 10%;\">&nbsp;</td>\n<td style=\"width: 10%;\">&nbsp;</td>\n<td style=\"width: 10%;\">&nbsp;</td>\n<td style=\"width: 10%;\">&nbsp;</td>\n<td style=\"width: 10%;\">&nbsp;</td>\n<td style=\"width: 10%;\">&nbsp;</td>\n<td style=\"width: 10%;\">&nbsp;</td>\n<td style=\"width: 10%;\">&nbsp;</td>\n</tr>\n<tr>\n<td style=\"width: 10%;\">&nbsp;</td>\n<td style=\"width: 10%;\">&nbsp;</td>\n<td style=\"width: 10%;\">&nbsp;</td>\n<td style=\"width: 10%;\">&nbsp;</td>\n<td style=\"width: 10%;\">&nbsp;</td>\n<td style=\"width: 10%;\">&nbsp;</td>\n<td style=\"width: 10%;\">&nbsp;</td>\n<td style=\"width: 10%;\">&nbsp;</td>\n<td style=\"width: 10%;\">&nbsp;</td>\n<td style=\"width: 10%;\">&nbsp;</td>\n</tr>\n</tbody>\n</table>\n</li>\n</ol>\n</li>\n</ol>\n</li>\n</ol>\n</li>\n<li style=\"text-align: center;\"><br /><hr /><hr />\n<pre class=\"language-java\"><code>@RequestMapping(value = \"/login\", method = RequestMethod.POST)\n    public JsonResult verilogin(@RequestParam(\"username\") String username, @RequestParam(\"password\") String password) {\n        Map&lt;String, Object&gt; map = new HashMap&lt;&gt;();\n        User user = userService.verifylogin(username, password);\n        if (user != null) {\n            String token = TokenUtil.sign(user);\n            map.put(\"token\", token);\n            return new JsonResult(20000, \"认证成功\", map);\n        } else {\n            return new JsonResult(50000, \"认证失败\", null);\n        }\n\n    }​</code></pre>\n<img class=\"wscnph\" style=\"display: block; margin-left: auto; margin-right: auto;\" src=\"data:image/jpeg;base64,/9j/4AAQSkZJRgABAQAAAQABAAD/2wBDAAgGBgcGBQgHBwcJCQgKDBQNDAsLDBkSEw8UHRofHh0aHBwgJC4nICIsIxwcKDcpLDAxNDQ0Hyc5PTgyPC4zNDL/2wBDAQkJCQwLDBgNDRgyIRwhMjIyMjIyMjIyMjIyMjIyMjIyMjIyMjIyMjIyMjIyMjIyMjIyMjIyMjIyMjIyMjIyMjL/wAARCAGBAfQDASIAAhEBAxEB/8QAHwAAAQUBAQEBAQEAAAAAAAAAAAECAwQFBgcICQoL/8QAtRAAAgEDAwIEAwUFBAQAAAF9AQIDAAQRBRIhMUEGE1FhByJxFDKBkaEII0KxwRVS0fAkM2JyggkKFhcYGRolJicoKSo0NTY3ODk6Q0RFRkdISUpTVFVWV1hZWmNkZWZnaGlqc3R1dnd4eXqDhIWGh4iJipKTlJWWl5iZmqKjpKWmp6ipqrKztLW2t7i5usLDxMXGx8jJytLT1NXW19jZ2uHi4+Tl5ufo6erx8vP09fb3+Pn6/8QAHwEAAwEBAQEBAQEBAQAAAAAAAAECAwQFBgcICQoL/8QAtREAAgECBAQDBAcFBAQAAQJ3AAECAxEEBSExBhJBUQdhcRMiMoEIFEKRobHBCSMzUvAVYnLRChYkNOEl8RcYGRomJygpKjU2Nzg5OkNERUZHSElKU1RVVldYWVpjZGVmZ2hpanN0dXZ3eHl6goOEhYaHiImKkpOUlZaXmJmaoqOkpaanqKmqsrO0tba3uLm6wsPExcbHyMnK0tPU1dbX2Nna4uPk5ebn6Onq8vP09fb3+Pn6/9oADAMBAAIRAxEAPwDz+AYHCBvlxyM1TuoYvMLM2G9MVoRqQo2nBxUM9pPcztLJIpY98Yr0bHL1KNvbAzK8LYkHtWkH8yDJUBwcEU2zNtbSN5r/ADA4OBUVxdRJeHZnY3ek9BmkqADpShB6VVsZp5pCHGU9cVoNgLzWgitLGCnSoDCMdBVl5Ny4Apu0laljRXhhBHQVZWJf7op1rFujJz3q2kGOe9JIZGkKgfdFO8tf7o/KpyvFATimIh8seg/Ks7VLhbS2O0DzG4WtV/kUk9q5TU5zcX23+FRWc3YuJQEZlkDSDJ/lUk2ANgA96cv3c92NQk5yawSNLkLBFBOBTQoc5ZQB6YqUICm48nNAHNS0ND4lAddqjOfSrbhsZAH5VBGuDu/Cp9+TUNGiGCZo8llBQ9cDpTyyOvABBqORgB+PNV0cRuyduooQDiojc7QB3AqQOjMGACsOtRy8ruHbmos4YYq4sUkb1hOsjNE2NwGR7irskYC7gB71zkE5hlSYfwHn6V1KkMARypFdlKV1Y5ZqzIBGuOgpPLHoKbc+Zbhdv3c9cfpT3mRIw/XPTFPmXUkguI/3RIAyKz7lDKVEhGB2A61qzEm2ORgkdKiFsJbcYxuPOaiavsNFKHajjZFntV/YCPuiooLSSGZQxG09cVbZMHjpTgmlqBzd5lJSrADGf1qbTbcPlyP0qnfyeZeyc8A1pacdltk9zWSd5FvYstCqqeBiq8igRsAAPerj4aOqrIxxtxnPetGSjGlkEeEHyqOSe5pXvA0qtBEDtGNzHk1cm0pJZCzNk9cdqRtNAjGGAz2ArLlmXeIwXkxA4UH3GaPtU+eWX6bRS/2c7fckwnpSfYZV4zmn74e6TG5c/dEZ/wCA0yS6k2FNqZPoKbJZmFNzMCewGaEtZNu99oz2z0pPn2D3QW6kjQKIlOO571KLickZSMD6U3yIDjcGP0NBhjA4Dfixqve7i0JDdsvVEpovcf8ALNaiMKk5x+tIYF680ryDQlF4xP8AqxT/ALSe0YP41XWFfelEYBwVP5005BoWkuJMf6ofnTjNMekaioUjIHT9afs9qtNi0IHllFygZVzipTPL3VahdAbpOKnaJfSpu9R6DDO46oPzoEzH+BfzoaMUxowKl1LFctyYO+fuqBT/ADQvVc1Syw4yacBu6k0vahyFwXCscBadvXGcCq6JheKDkVPtGPlRI7qegFVzjd0obpTA3NS5NjsOYLjpTQMVIMd6NvJpNAV3A3dKKe6/NRU2YzqEUbR9KJm8qFnPYVMgwo+lMuoTNbsi9eor0DmMM/PuZup5q1HbItgsjLuO7NElnJHbLIynOeR6VPevItvHGi7QFBOPepsBFHqMsZUYXYO2K1xsuLQTK3Hde9Z2mRxXMBMqAsp61o4RVEaLhRVJ6CIRHTwnHSpooy2cdKf5TEE0FEdkv7tuO9XFXNRWafuj/vGrIAoWwDClLsqQLSlcUCMy/YgJGvV2x+HeuTcb555OxbArqrpSwkm7LlVrmowDHk9zmsZas0iQPwVHsTUIxtNWJlxLH75FQEYGKzLGnhSPypgPenmo19KloZbA/dgjsKjVj1Jp2/8Ack1Akm5GIqZIuI+4b5Qaruf3it+FPmb9z9KjJUMpdSy5BIBxmgGydWyuDTExx7HBoLbvmqFG/eEetFguWgQHAP3Twa6HRZzJbeU3LRHb+Fc2QT+VbOkvsmMn97ANbU3aRlNXRuyoGiIJAHfjNYkqAthG2xhjgmt9mAXgdaqT2qy7SMAhs8VrUjfYxRBBb9GL7xjjNLb5V3iPVTx9KuhVAwMCq1ypilScdPut9KdrDJHiLgYOKZMghtnbP3QTUxTPOee2Ko6vMYtLmJ6kYpt2TYkcjku7N6muh0+2zYIScE81z8Y4A9a7CCMR2sa8DAFc9JXZrLYqPAyn5T+FV2LA46ZrYEasc84qlcoolwBWzRFyso3CgryBjinhT0B/SnBCGwTmgQ3bijFShN2cDpUVySFEaH95Ido9qd7AV1Xz5y5GUThfc+tTSx/IaswWrCMKi/KBxUM4ZSVIxS2QFAKScVOsYA6UkagtgnvV5WRR8qk/UVKGyhJGBSLCWB7Vdkw54UfWkRcnkU7agVVg5AqTyeORVxYMjPcVKi8YIyDVKIrmayFeV6egpv16VpzwqF3KOaa0KNjihxGmYtwCLiIgEc45qaXcgyRx61Z1CJTGj91biieaMQ4Ze1Q1uNMoGTNIWzwOtRqcn61qW9omASPmrGEXM1k+UzRG0hwqkmnrBIOCprY8sKcgUpGe1aexRHtDPSB1HIp3k7uMVabgUAZHFV7JC52Z80Owe1VihzxWtsZu2ahlhCgkjFROn1Q1IzwpFSgZWn7RURODxWL0NBjrzRTmIzRU3A6xVwop4pVUYH0p4TFd5zBtBHIFZWoW00dz9pjOUOBin3N/NbXbJtBQDgVVk1GdlQyIpAOR2zUykgF0yCYXUmTt2nLKe+a2MCqGmX0ctyykBWZefcird9dJDbGSIB26cHIFJNWuMtwkYx3p5HJwTWBa6zIso81QU7kdRXRKQ6hl5BGQaakmFiKzJaNs8HcQfzq2BUNsqmMso4LE/rVkDmmmAgFJJ8sTN6CpAtR3QItnA7jFVcRl3/7rTGPfb+tczjbEPpXVaqudOA/vf4VyrZBwfTNZMtIjmG6NWHVSCKrzACQfWrO3chX2qvJ8xjOOpH51kzVLQYw+fFQEY3e1XGTMgPtVXGVJ9TSYIczYhIqOD/UH6mlJyfzpIuIsepqWXHQbL/qyKYPmTB6ipZhkU3GCw/GhCYkZylRJ/rQPcVNGMMw9eab5ZEy/gaAJjwp9jWnZnaV54YcVnFT54XsSCa27O0eRJAqZKQ7l+pIx/KqW5LNuAiS3QkZJFO8hD6j8abDE8cSLkcDBqwnuK615nORiBAOOv1qC4j3QurHgjg1dxk1Uv4keP53IjHJx3pS2BFexm861Un7y/KfqKy/E0m2zji/vvn8qtaUEiMkasTuG7k9+/wDSsnxLJm9iiz9xMn8axlL3C4rUz7SPzbmJPVgK7IxAgZ5FcxoMXm6ipxwoLV2RQgYFOitAmyELlOBisy4LLMSRgitUgg1VmiLuSB1rVkIzDKEIzkg8cCpSdp9QR2qyLMCdS4+U0k1sY1IHPpmosxkW4BQSRUFuDNM0x6D5U/xqK7JS3IVjuZgFx7//AFqnj/dKoH3QOKL6jLSFwflYj6VWuJWlOGUcHrUn2hdwC4qnNKzORjAz2ob0EiSCNT24zitNIEC885qjbBsAkfhWip+SnAGRvbJtOOtVvLZW6VfGCKawFW0hECjnB4pdxU/KARSt09KQ4OD3AxQAFmfgqAPrTXGAcHpUoAxWRdXruJI7dGZc8yY4/ClKVtxj7uTERzzilFq1wqBfTkmsdjISMFyM4bPStSO8jilVPNcccleRWSkm9StiCSwlhkw64Geoq7bSfOFJq6FS5iI84OSPlBGCKrwWxEpz2qox5XoDlfcslcimbDU+2mMMVoQVnQkdKRInz0xUwOWqwgzg5pWGQJHtxxmia33Kc/lVorgEntTGwV5PFAzMNsgNZ08flOea2zHkt8w4Gee9Z91beYc5w1YzhdaFqRmOxzRUUu5ZCp6iiuY0O+RQAPpTiKRvkIHIwKjabaCWxtHU12cxz2MjVZQ9xtwPkHWsr7d+4aEgYLZBqa8dhPJ33EkGsZ13E5Nc0pu5SRcO8zIYzls8YqxBPLEzK2VzwQehqeK0FtpAlKgyEK+e4Ga3oI7Zl/eRKxzkZGaqMWxMopoxnt0mhfBYZ2tWsyS21jFGGywAUkVajKsvyjge1SOm+MjvWyilsK5Dpu4W5Ruqsf8AGr4FUrJCZ5GB+TGCPer+KaYCY/Omuv7snGcc4qdV5pSp7CmBj60u2FI1OQc7T6g4x/OuauLZluWGOgFdVqaFnhTHCjP65/pWXdwn7Y5x1UfzNRNdTSG1jBEbLIQR1FRSRYYY/vg1sSW482M/3sqao3kJXcPQZFZPVG1rFWX5mMa/eJ21V2gK3oCavwJ8st44+VFIX3NVYI95Ce2TUobRU2EYyOaSFSQB6Zq7JD8xJ6Co7dQVdiOCxAosIjkQbF9zSNHhlbHXIqeRcuq+nNLceXEsYZ1DDk/Nn9KbQrlUJ830OKmaL9+AB2qPzQXXapJbBPFW8Ez89hSQEJjDXbAnG1c5rqvD2Hs5ZScln25HcAcfzrjZySzuP4jj6iuy8Nps0lDjG4k/0raG6Mp7Gk0RzkHj0pFTAI9OKnGDxQB7VsZEOKq3kLzROijqOK0dvrTCvPFN6qwjnPs0sdssygK0bnd6+lc7rEon1SZ16cKPwFegugCMWAwASa8xuJC907DozE/SuaquVJGtPU6bwrDzPKe2FFdGayfDUWzTA2PvsT/Stkr3rWmrRJluRYPQ1GVwSaslaY2AMmtCSIAHqKR41kQq3f0pFlDS7QOP5U6dxDCz4yQOB6mloBjNZtNfbRjEPJz3JqCcMuQQylTgitu0gMNuN3Lt87n1JrPuzvnkxjrUNWRSZlrkf41LGuT1pfLXPp9KdgJg9cHrWYy9BHtj+YdelWwoKjHSqMM27HtV2N+OSMYraNiWKQVphqRyMA54ph5qmIaR7GkK5Ge1OJ7UxjzUjFbBUr2IrFuSzSeTG2xF67a1JZCq8DJPSs640+4gs5rqZ9rEEhV7GonsNGWGYSvAimT5gcDqTTpp7iwkDRhVI++vXFSaXCLiUJA+JNp3SerUkumXKXwt227pDgN2NYa2uhtq50Gl6gt/BuzlgOasuybvlcE55ANZthos1pEAs20vnzFHT2q2LFovLcONwPzehroi52V0RpcsYIAPakKg08ZGAefakxVgRBAG6U48HintkkUwjmgYFyVxmkYAxkUmBimtkrgdqAICTnrUchLVIQD7Gmnjpg0hlGa3R33MmTiiie+WKUptziip5UFz2jWfANzErSwASqP7vWvPNasJ4LeRCjKynkEV9LvGQ3AyDWHrXhbTtajYSxCOUj76j+dcam1odMkpep8zW6EJNMV3CNQMHpzVO309ry/OAFizuYCvWdb+HVzpdvKsCebC4PzIOR9a4aw02a3aV5FIOduPpVKzsjFxaI78bLI/LlQNpXtioItQWOFWVS652k9MYp+pz4xEUbIOeTgH/Gs6HU/KL4hTYTlkPKtVynroQXPt1xPeBraR8MQFXPFdUudvPXFZNjd2jRb7SFFB64GCD71pQyiUehHatIadREtmnyvxzvOauhOM1SsnyZh6Oavq2CD1HoasByKBUq5RwykhhyCKjU5FPoAoXkBku7d+cAsD+X/66p3dofllwcGPBI9Qa15B0PoaXMZiTcPlLYf2Hr/KmlzaAnY527tjCGGMlCGB9ao6jCojLryNpxXV6harNGPKwzBBj/a45FYMlqxgAflHBKMOn0rOpBwlY6Kc1Ujc5CW5heJbcPt+bJJzTQ4TcIS5bHULmtm30lLolCFVkbIJHJq/cWogsnXOWIx8q4yaxaSK95nOl1a2X+83JGO1SwWjC3jwpJPAA7k9a1bbS9wLz8bhgKOoFXLeNduCOYyVB9BTTHymUNG3hTIxBJy23r9Kj/sRIpGKhWB4w3at8rSFc1SZLgnuctqEUguFJ2hAuAEGAPaoijkhRkFhyfTNb13aGU7gvyop2j1Y1WvYTbC0hjCmeSUdenHNEVzSFLRGRfQGKEAjGB09BV5NWbT7aO3HnKSuQQQAKbeDzrjy5CDuA+ZOQFzyTVHW7c2WszWrS+YI2wr+oxxTrS5ZWRCV1c6iy1QtJEZWYqwwScY571ube9cTASII89QorqdKvkmt1ikbEi8DPcdqdOpfRmbRewKQqKl2ikK1uSZ+qSC30y4kJ6Rn+VeYoMux9K73xbP5WlGMHmRsVxVjB500Mf8AfcD9a56zvKxrDY7nSFVdOhjHBRcEe9XyKrGGRJfNg5z99fWrCSLIuV/Eelbx0VjJi4prKCCCMin4FI5WNSzHAHWmBCsKQhm6A1TBN7ebV/1MXLH1PYU24uJLqQRQ9T09B7mr1vbrbQiNecck+p9anfRDFKg8Vm3mmGWQyRSmNu/pWoaYygnnp6VTSYr2OYXeGIZg2CRkd6eeamvrf7NOSqEKT8uBxj0/nVTzR379DisHoXuWbZhyhxkc/WrWQBxWfEQWz1FWd64xuqosTJmlJXHpU0WHRy0qqVGQp6tzjAqoGXpkVNH19qq4iXNNYgUE8Z7VA8oU89B1pgTwrvmU9cc/5/SoNQsXv3jhDYiVsysfvH2H51ftomjTLYDt29AP/r5qRI9vU7nP3m9adrrUNjG022jh1GVI1wkY2gf5+ta7xpIyMygshyp9Kpaau6W6kH/PUitDFEFoJ7ig8YxTZCAuO9OAzTJVJ5xmqAQ/NSUmSv8AC35UAk9j+VIBRwSajYVJjt60SQvEAXUjkgH6UDuQkUw8dKlcs5LE5J6mo2FAEJXJzVa6kEEec/MelTy3EUJwzc+lZt5OtwylO3GKAKEvzOSetFK4O6ikB9pnpURXJzUx5FNxXnHSM8sONrAFfeuY17wVZ33mXEBEMmMnjg11gFUtW8waZOY+u3n6Z5/ShuyuNM+d/E/h+5E6tGmwRFgzEcEe3rXH3Vg9mMffUqcHHevWtX1SGxu7ma8YSIYmHk4yeuAPbNc1/Y6a9o8l9ZRNG8T/ADQ9Qf8AdqYVFJa7mclF7GJp1qyW6DblwvJx+lbNohVMsmG/pVlNJntLZZWhYI4DbjVeWbyJFDZwQc+tdcZIyYWDfv7of7ef0rRU5NY+nSrJeXe08ZHX6VsxjitIu4MlWnA02jOKYhxPBrOlvI/LmYSgLs2rjnr1qxeSrHaSZbAK4J9M8VyV5dg3M8fRc7VA7ADA/lTjJRd2J6rQ6xXMUYRvmQDdnPSpb+6t0QXsMIns7g4mixgo/f6H0rnbTUhdhYmOJFH7xSeuOlVr3UprcXEcBC5cE8ZBx6iu3FcjpKSMcK5qo4s2JNOWOVbuxnWaFx9yT5WA+vTIpkkYcgkdOcGuf0vxPtvGtrwKsDtgsg4Q+v0rqniKkKe4yCOhHqK8ptHpxdyntwaiEflyuPUg/pV7yqSaANIrL024rPmL5Spg+lAFTDY0hQMC68kA9KXyhRzA4kOOCT0rltW1ApqpZV3GCNgMdmZT/Suh1S7WxtGkPJ6Kvqa88vfO+0uzvkyHLfXH/wBetYycVzIxnrodHpku+yaQ5JlUKxPtnp+dY07tPOgyWYYGa0opBbadFGThimT7DqarWMG0ea33m6D0FZSd9xSdlY0QMKF9BipYZdgOelQqCaUpkEHoetCdjI6Sz1mBrFXuJVEgO0juferdvqNtcttjlXd6Z5NeeO0kUm1D1OMetaceotaQNCltHK5IO8j7p/CtlW7icRfGVzvuYrcHhRk/U1W0UNJf28W1dkW58hRnp3P4CsPULu4u7sNI439SasWTXCglbh1LkKSp68//AFqhzvK5fLoelRlUALuqj3NUbmRhOzwgEEjDLyD9a523dkkxLK7qTzkZNX0vTGQsBcrzlXbAP0PatfaKRnymu93JBhZIHZj0MYyDVT/S72bDRlIv7pGAaWC4hv0Kxyuko6oWq3AzRL5bknHc81e/UWw+C1W2TaB83c0/FPzkZpK0ERPxUYbPvUrHtUW0A8UXARhkHvWNNYypdNLAdnGBxxW10pjqHGD25FJpME7GB/Z8wlVjJIXbl2TgD+lTGxcRhBjfkkyDq2fatEAdcc0tRyoq5hLb3McrjyyVAJzu7/jVyGTaAHwDjNXZVBjJ9KyQhI8wHcDkE+9K1h7l134607T44pr5VfJKL5mO2QRgn/PaqkQaaZEyRu46dK2LWzitBPMJS7uuPu4IA7fnTvcEibA3Nznmk7j602HOw5HzA9KeeAT0wM1omQzO0gZtpW/vSsf5VfqlpIxYL7sf51epR2B7iU4fWm4FKOKoQ48dRTCeKcRkUwqeuDj1oY0MIpCMin7e4ppqRkZXioiKmbrWde3rQvsVe3U0AULuGRJmZhkHoaqE45qaW5kf7zE+1QAF26ZJpABG45zRU/2JiAS2D6UUwPsujFOxSYrzjpAVHMqNEyyEBWGDmpKy7vUbdVuGnjIihH+sHJrOpNRWoGNqvgzSZ9KuEMHmPIwd5DyzYPTPpWVonh63tblra3DJbROXkOMDI/pXQ2eqQ3lqxhLmE5DBlKMPwIrJv57WCBfsUrKNhM0mew55/Wub2sE1Lt0JdjltRabVtMTSYkh32szxzSOcAgH5ce5BH5Vxt9pb2Vzs86KQZ5RX3Y+npU+tR2k3iG4in1CNJJCDE7oQmD2J5wfeult7CDSobaETpM+0BmyOT9K6ISV1ruTa5xNlDJb6jdLsJRiMNW1GTjmum0rSrLU9Wuoz+7ZQGCjpWpc+DU+9CcfyrqU7D9nfY41enNEi4FdzD4Ut0tv3qO0rAKOcDr1rkNXhe3vpo3TaQemMVcaiehEqbjqzmdbl22Ei5xuwP1rkLuUtdyc/xV0+tNveGH+825voK5S6B+1yfWrmv3fN5kJ+9YkSR1kWaI4mQf8AfQ9KlN2LlmfGCTypqopwaJYy376Lhx94DvWKm7cvQtWTuVJQLS8D4PlNw3FdVY+IzZyR2V4ha2IHlSA5wD3Ht/Kuc3pOhVh9RU1hfW1kfseqW5uLFz8rqcSQn1U/0pNGydj0SIxzR+ZE6unqKqz+Yd2YyijjcJcE/pVe1s7eSy+06VqkMxjABZTtYA8Deh/Kmyar9nYRagghc9H6o3+FZ8vY3VRW1JIEfaUikijUdkG4/Uk1LPIkEJkkfCqMljVZ9SsbeMsbiIL6KwOfyrn9Rv5dTbYoKW4Pyju3vVRi7kyqJLQr3c8uq3QIBK7tsaVizqkuoeWp3JGfmbscdav3961kgs7VCJ5Fw8h6gHsKoxw7EW3U/M3Ln2rST0sc/mWgWu5CcYj7/TsKuKozxUcSiNAo7U8HFZXJbuWlXAAFJKwB2jtVVpSO9V5bnYMA/Mf0ouKwrOAGOBv3fKfQ1LKxjtiF645NUom8x1PYU++n22rn2p3HYxd2+d2rSs/vr/s5JrMtxk/U1pWBG+U/SkU9jS3/AK1Kko71S3YkCg8VZiNUQOkBjkW4gO2ReeO9dBZX8d7CCeH/AK1guo28cH2qvFLJaThx90nmtIT5Qtc7NGIOO461IW+XIrNtLsXEYYHJFXA2RxXQmQ0OzTGODS5ppoAazYGScVWaZj7CpZug6fhVYii4Dw1OBz0qLbzzTkBDD0oGSYDAg1XS2TCgrhQen1q0nOf8+tOiiDR7vQ8CiwyKILFnywFBBBOAT+Z/zzUsceSCsY2+vSkUCIkjDDJxmrSTpJx0bup600IQhfL+Xpmq1y4jt5WY4AU8/hVj/lmaqX6g2Fwp7ocf0p9CSPTx/oMbf3iT+ZNWqo6XdwXNttiJzHwQRirx4ojsDCgUm6lBHrVCF57ihmYqFLEqpJAJ4FH40jCkMZk9qCKTB9aM0hjGFV54I51w6/jVhjjoM1WmlWNCWOKAMm6tIowdr8jsaSwAVmZsbQOp7VDcOkkhZSTn1qIOyoVHQ9aVwNNrmLPDr+NFYjj5upoouB9qG6OMiGT8qie9delrKfyq5mivPOq5mHVJgf8AjxnP5Vg6rekI8bwSxrK38Qrr8A9qpXek295crPMN+xcKh6Z9aicIzWpLv0MPU5007TTsGBtA3dMVh2VpcJpl3cXWI7d0KoG6gY5JrY1jQmvo5lupTMVXMcAbbHntnHJx71xa23iSIXWjPiXcuVZjuCcHGPXNeVKNpNvcmV1JaHEagLe78Wyx8Sx7OCeeeo/Suh03S7eLa8sSqgPyk+tZkunx6ZNbtcK9vcNMGm8xcbOccewU/pXVIJYXXTJbNp5PtIKbRnPHOPUEYNenRXLEUY9StBfxaZfTX4DsykIMEYz/APqrobHx5E0oE8DKjcj6VxHiiKfT78JPpzxW+MonCgnueKqabdwXT90cDG3t+FKFVynrsDlZ2PZrXxFp12P3Qkz6bCRXF+MprZ5POGVc9SwI4FNtvFkek6W6PAkYQfKw6sa4vV7m+10mS7doo2+5H/ER7+ldSjZ83RFN3VkYGp3xmufOh5jU7M469aw7gOspZjknvXZWOiM/CDgdj0qK/wDDpRwrrtDAlSBx9KmdZP3U9BRp99zkFINPVipyKW8s5bKcgqduaiVgRSTIaG3EQb95Hw3cVWkYSrskGGHQ1dqKaJXHTn1qrjTG6Xey2csqKRtmjMTg9CO36gVY/t8n9xeCQhOMcOP15rKkjeNs9vWnzot1EHX746incrc1Bc6OT5guCn+yIjmo5NY01GO1LqbHQEhAfyyawWj284p9vD5kyjHy9TT5mFjXuZ45pEuAgXMajHpx70QDHzH7x61X3BpCTzg4Aq9p+2S7wwyFXdip+KVhBu5xQXrQuoo2t3dQAU6Y71jySY4HX+VE4crsIWWXHA61Rkk3Mcfn60skm7KryO59aai7mC+tQNFmEbY89zVbUpD9nC/3m/lV3bmszUTmVE9Bn86aBbkUPyrn0FWrN9s5H94VAoxGfc4ojbZMh9DQUzVH3gamR9opqKDzUoiBB5FUiBwmBXmoJWBNPaE9qZ5DGgZJZXbWkwbJ2H7wrp4J45drRuGB9K5pIVC8jJpwRo8+U7Jnng1pGbiS1c6vIPfNNwRxnIrAtr+WH75YEd87lP1FbdpJHdrlZ9xA5CjFaxmmS0RS7t2NxA9ajPpk1bltD1Ehx7jNQPbnkmU/lT1GiPgjrzmpE6ZJqNYHJwsvX2xSm2lJP75gMelAwjmIblSfpV23JMGNpHzf0rPFvIpP74/lU3mXCJhZuB7U0yQeZBuRnQNu45xUMgVxyWPOQRk1b2zEc3Lng8Y4PWqxt5VAJk+U+lDAIJ/su4bJnBIwAp4/Oo72+zbSEQSAYH3vr9KR7F33N9pmAPQg4x+FQ3tuBbEea3YZz1pNuwaFq0S2hgidFKu0a7sKeeKka5jz94/98mo7WJPssRyT8o6mpvKT0qr6CGfaI+oJ/wC+TR9pT/a/75NOaGMqMg/majaztmY/u8/iaeoaDhdR9yR9RSm7ix96mCyt/wDnkv5UrWkRX5VCn2FLUeghvYR3pjX8XrTVt4xtJUHnB4qZ7eNfuwoR9KWoaFOXUgv3FzWZd3Tz9RgegrUa2Qtkx49scVXuGigXaEBY+1GoGMjtz8lK7MB92tfT/s32kNdKWj7hetOntknkby0CoTwD6UWdiOb3rWOaeYlulFdELFEG0xEn120UuV9zS6Pr+kNLRXEbjcmnUtIeKAOc8VSyW+m3ZVB88YAbPbIBrk/CV6JJ9Qjlkcl8ujSfeKdB+WP1r0HUrGHUYFhnBKK4fA747H2rz/VbC6Hiyd9PhPyrvfPTBHNclTD3baJbtJMx/iN4jsEvv7NmhklliEcgAUFTxyDz6E1k+D/FsVz4kthOHWJAUiMhzsUdvbvWL4vumvNeluEBLP5YDEdMIox/OqVpoF7a6gkgwryhZE5/Aj8jWcfdXL3Dmd7nb+LdabXSbaH99EdzbM4K+hH6Vl2Wn6RoVubi4tZLyYgcs5BB/DitPRPDgcsZbxFfdl1QbmYZxnJrTOiQyam0MXmm3jwzl2+8e2RXTQUZaLcfLZczOdSzZv8ATr1BvzmGH+GMf41GlrJczFiDljya6/ULBZWVFXGOPwqOCyEYGFH1rTF1krQRtQpaOTKdnYrEqgDk9avXFhFPatGwyeob0NTrAyN04PerIiAGDXE5BazOGutFttQR4JFEVyucej1wOraDcadOw2HAr2O9sFkJbHzDoR2rn9QbchjuYhMo4yPvCtYVGglGMtzygNg4bg07NdJqOkWc+6S2lXI6qeCK5ua3lt2PcV0xlc55QaI3AYYIqjKjREstXfMDDng1FIuRVkpjInhI3Nzx6d6jyiM7xgDd2FRsfKyO1IhDkY6GnctvQmT5UHqamikkglEseCcYKnuKgZgvJOBTRMZOI+B/eqLtO6JNCbUZJI/LCiNe/OapMGfgZC9/U1JHDjnv608jCnA5puTe4FVwFG0VJAuMsfoKbsJfJ5q5bwEkeg/nSAkjjITnrWNd/PqD+gOK6J18tB+Z/CuaQ75pHPdqf2QiPOVC4OD1poR2DS7Sypy59KdJ96omJxgH60imdCsBhgh3SI7OgY7DnGfX3pMlTVPTJMxlfSrrjmrISa3FElOEgqHFNbpQBaDg06qKuc9anV225AJphYmqW2laC6ikViuGAbHoarCYNxkA+hp43FM4BVhwQaaA69JBIvoe4o8pSuDzWfaTF7dH79Gq+r+vNdSdyCEW2wLlt2O9Kwqw671wGI9xVd0kA++rAeowaLARtkdMUzPHPSpMgrk4/Coyw/CgB5OQhA6nH05pI2YrjgAUIwyBn+IUqcOwx2zQAxwvyrkso461WvI4hEoVBkuBz+NTnO01W1B8JCwGTuyB6nj/ABpPYCxb48hAP881JSRKI4lTqVGD70ckUxCn7oz3poAp7D5FpoFACijGaTmlBpgMVPlPHelBYfeFLGcqR70pGaQFW6ukgQscEjoKxbuVZikgbLEfMMdKv3dnI7NI7AKKzWUKyqnzE9sc0Ax6zLGoKjk+tRtcvu3BjmluIZEfBU9PSmW4Uzrv6UXCxfa8yF3zBG28iisG6Z3uHYdM0UvaD5T7booFFcJ0BQelFFAETiqpt4/Md9o3ONrH1FXmGajKUCPONa8FQxteXtuyTGBTJHbMe+M7f8Kw5rJ9WtIbqJPLYfPEQfbp/SvQ9asys7XIjkeMYaQJycD0A5NYXgJlj03yrhQ8LSmPEg5jYdPwI/lXNKCq3WzQbGN4Us7m5u/7UuJQIbWN4pYiDnI5AP6Gt3wdbSXenXV/Of3l5cPLj0XOFH5CqHigXOl6tqE9iMw3AVJ4V46Jw4+nf2rqvD0It9It4gAAqAYrSHuaGsY3sQ3enrHbySEcisho9pJ6Ct/UbnFvIjDnI/EVhO65wa4a8uarodkVywFVOMnrUN1L5MZbripUdcYzmop9kiFT0qjmOA17xbPDO0MIwR1rlbjW7y4bcz4PtXd6t4WivpTIo2se9Y3/AAg7A/NKMVvGUEjNqRx0z3Fy27OX9R1qpMl10YMfwzXo0Xhm3sxukOaxdWlsLRmS3RXkbrzkCtYzTehMlZHCSq4PI/Sow7r2zWrMplkJIFQSQhR0rW5kZM4JQsByOxqGJ2EfCktVudgWIA4qPDKvTimBEELtmQ59u1WowBUP0qVGpAWVOaeV3DGKhVqsxEZBpCIhDm4RB1ArVWJUwF6dqpW5BneX8BVwyDFIGVdSl8u2lI6hcD8a56AcL79a0r9prq3fy0JRWyTVBCoU7ecDrVvZFIRjkk+tMbjFKaY55pDLenSbZwuetbR5Fc9aZ89CPXmtwOcU0SwbioWbJxSyPnjNRbgOTTBEqKSeBVoYAxx+NUxJIRiJcerGnJAW5lkJ9qYiWdoWA3Sjj+6M1FFNsk2CSQxn0xkVZRIVHCr9TzTvlI28HHSmBo6TKC8kPmlhwQTWvGSwwDyK5fyQHEkTNHIOhU9KuWOryQ3wS95Vhjco7+tawn0ZLXY6NGO3nFNl5jIHepFKlcg5HtUcgBKnNbkXIyAABTGp7ZB9aTHPIpDG4BA4HBFKoAkbPoRS8Bcd8g01jiQ45OTQBHgjvxVO5y1xZxnp5hJ/Cr3IrPkJfVo19Bx+VTIZfApecUnSnDkVQhM/J+NJT8fJ070eX60AMzSk8VL5XHFJ5fHJoArRd+alBojg8vPOcmpDGOxpAUr2F54NkbYOc1BBYMJTNM2+StHGKRuFJ9qdgMXU7sf6lDz/ABGsosVIweafMxad2PrUI+Zy3YdKzcrjHSwMH4BORnIoqdb2SJQgCkD1FFPQD7LopKTNcZ0Ds8UmaTNFMQuaKbS0AZmoI86tCfMRZDtLIcH8DXJa34ji07WJbWKCN43jWOV3PCMCcNgdcAkV3dwuYH65A3DHtXAz+FrvXdYvbqKaKO3WYBNy5JYYJPXsa45xlGacdRt6Gfcgx3QB1BLreGwYyCp+UYxXfWUfl2EQxzsGa4TXdJgsfEdhFFbwLKwXzGij2Bjnk47dK9ERMRgDoAK0b1sbQ0Rh6kPmOaxmb5io6dq19WV0frwaxghLYU4rikvfbN2/dGsCORTdxHU0jFvUfjUBkGTu4ouQ1bUezlsgdKqXFxFaxl3YADnmob7UorKEuzCvPtZ1+a/lKox29gK1hTcjGUi/r3iNrljFASE9c8muYfc+WJ5qeK0kYb34z2qGc7PlxXXFJaIzbK5wDVG7nAUgHk1YnkCjrzWS7GaTA7nArWEbsyZoDT92nhsfvD83/wBaqajKlSORXRxwlkwOwrIvLba5dOua6q9NKziTBvqZrxYPFN5WrDEMuR1pYxjBIBA7HpXIaMZEpkLbSo2qWOWApRLt6GkaLknbj6UgQE9akksRyhV64FWbaGW6feSyRDv/AHqqwQ+ZKAwyq8ketX7m98lVRAC5OFGeprelTT96Wwm+iDU7qKzsWVcbmGFHqa5pBti+pp9+sj3W6WQs+OfQewpjHai5NKpPmZcVZAcAdaic9acXT1pjYJwOlZjNTSLbzSzEcLV24lQHYlZ1tctFC0aHG7rT0DSdT+NNCY8tTdxHIqdYFI6mj7NF7/nQIrmVyeSacJD0JNTfZY/U/nTWsYychmBoDQsJaTNF5oZQuM9ajBZeecimrbOqbVkyM9DSpvhyHi3A0wLCTkcnkVISkq46HsT2qiZEDEDhT0B7VPGdpB6+lO4rGzpd7JEGUnKDG5SffBI/Q4recA8cEHnNcik7QXCTRHnqP8Pyrp7SZJYlKfcblPb1FdFOV1YiSHcDjvRn60EENnrS5AHvWhI1ulMkA8xuO/WpMetROfnY9qGMbyKzbyFZNRiQsw8xCDjtWic44zWY5lOqR7xhRnZ7iolsNGki7I1UsW2jGT1NPUEjNAG7kjipMY6c1QhUAC9M5/SncinKNowaCRnpTCwn40oOeO9IPalAzQAhHFNx1qQ9KbQA0rkVEwwcVP2xTD94dKYGRc6ZBkvk5Y9Kxpo0ilZE6A10sgMjuVGdgOPrWDHaSzzlduOeSe1ZyXYZWFtLKNyoSKK6iGCKCJYwRwKKpUxXPqTNFJmjNcR0BmlzTaKAHZoFN70uaAHVDaWcVmjpCMK7l8ehPWphThSa6gcVrsPm+MrM46LXVKcLXPaiynxlCCekea3tw21xKXvyOh6JGNq37w4ArFliZOWGM100kG5tzVzfiC/htvlUrletYyi9WzVNGfPKqnBPSsq+1JLaFnYgACsi815Q553H0rLa3utZkDSkrF/dqoU0tWZTqOT0M6/vLrWropCDszwat2+hR2qeZMc4659a6Cz06Kzj2qAPU4qlqUgUF3PC9FNbKfSJny9zDvnESHAwT09hWBI24knpVq6ne5mZiTtrPnbap9K6IozkUbuQn5R1NJYQeZcgdgc0xP3shkPToK2/D1v5uohMfeYV0x91EWudHY6cxgBK9RnpWZb2UcruXGcT+Uw7EEf/AFq9Et7RNgwK4ZY5IdU1FAD5aTo7cdD0qo1edlOHKjk9U06SwvChB2k5VvUVoWOnJcRrjqa7C+sIbuMpKgOOh9K5p7WfRpxIoMlvn8RUVabteJKNW38LwSxgsRk9RWZrHg2S0hNxbvuQclcdK6nTr+CeBZFkG09/T6067mm1RWsrXiH/AJbTHof9ketci5rlWTOEsLGRYcuNpk6Z7D1qvHo+o3V1JdRWreUP9VuON3uM16NbaZBZx75SHcDl26D6CsfXfE8ekbCLYyu+SFB5A9SO1dTnpZAo21OIn8OXIuGa8Plk/wAKnJp/9i2qYZtzEepqHU/FF5qd2ZFiEXGACckfyrP/ALRumQqZFye+Bmswdx2qw20W0RBVf0WqCDpSlSW3Mck1LboJJ0UnAJ5oGTQx4O4/lVyKm+XggCrEUeRzQQx60/A9KUJjtQRTEJtUmk2AHrQzBByQKpS3fZeaALmQvVhR56L1YVktI7HJNNG6mOxpTGGbkYBHcd6j2vHgo+VPaqak9akM7hdpwRQOxejlBG1jg54rd0aclfLIODyp965uNw0WXUkHgEdRW1oD5do852ncM/lVwdmJo6Jske3WmHp1qTqCKaq5Qcc9K6TOwgJY8dqYwxuz0qzGoPX9aJk3Lx1oHYpZwfaqF6D9stivckVoFMNyOaqX0TfabQoeA/NTLYRopwgGegpyEA855OKmWIKtNCMkgO3iqGkOI45PfFR5AyMVI2UJGOtQnk0Ax2RjigexpzFDEirHhxncd3WmDoKCELz60Uc4pB9KBmbql88GIojhiOTWOL+eF9/mE+xNa2rfZwQXBMuOMHtWHJtlnRETHPNZSbuNHSWbeZY+YAQzDNc/LNL5jAuRzzXTwKscAUDGBWDqf2cTEQnLk/N6CqnsCM2S4l3cMxH1opWUA4xRWVxn2VRRRmsjYSjNGaQt6UAOopuaM0wHg0rOFQsegFRE4rn/ABnrA0fQnIfbLINq80mCOYvNXM/jxAmCvl4UjvXbWsjSJk9K888G6LcXNz/bN6Pvj90D2HrXW6lrUOnwNGrruA6DtXFZKTZ0atIXXtci0yBiWzIRwBXkesa7NfXDAHqava1qL38rMzsaztO0tnl8yQcZ4zU+bFK70DS9LaaYSy5x1wa6NYUiTCgYFOiiSNcAYFQzy7QSM7ai7kynFRRHc3HlocHFcpql407+Wp69TV3VdQAyqGsmCMsGlboK6IRtqzJ6lKZQg2L171jaixG2FT8x5b6VsXUqwq0jduawFYzSvMxGWPTPSumCvqZskiGFAFdV4ShD6uxP8EWR9a5lByK6/wAKhUmhl3DdIzIRnpgCrk9BQWp38A2oK5C7s/M8Q6vEqrua385SR6FScfgTXWxNlMHtWJdqF8VRNnHnWzpx9D/9aopPU2mtBwg8y3jkH8SA/pVG5sjKhQgZ/nWvpjbtOiB5KgqfwNSzQLIc9MVtGpbRmTj1PPL7T5bG6g+zkgXD7fKJ7/4V09xfW2jRW9sZArOCQSCc49h3qlqbI+vLI2PLsYy5Hq3Yfyq1pSotit3c/NcOMvJIvzL/ALPPQD0qHq9ASsZ11cavfSf8S+1YL2mu/l/EL2/Kqo8KGQPLqd7vc8sw4Aq7rfim10mIkjzJs4EW4Bj747D61wt/4ou78tlNikk7S5OKWiGbU2kaD5xAlkYAYznGaoyaFphmXyWYL33msOS/u5IwPN8sZ6JxVcyysCrTSEe7GpYizqaW0V15du4cL94jpmjTY1e5OcZCnFUwoyB+tbOkxRGB3P3y2BjrSBj/ACju6YqwkZVRkVKygs31C0XUiQgbzj0HemQRse1VprlIuAdzegqCW7EjYLFE9upoiktCMOjH6GmFirLO0jcn8KjqZpIdxCrUi2zOM/dXuTTKKZPNOUHuadOYlOyMcDqx71EDQBN8g9c+xppzio881MrhhimAsE7QtzyncVt6UGikjul5jZtpNYjJkZFXNKumt5hE5zE55HofWmtxM7oD5c5608Dd05xUcJ3Qocg5HWp4mAYg10ogXYqnGOtRyuOig9KtNgiqEjk54wegoAdGRKxyRntUN4uzyWI6P1qWCMKqn+I859Kh1J2NsAf7w5pPYGaa4ycdzTmAxz2qGEoqgFug70szDZ15qgEfBBwRiqxwGqRRnntQyAn2pCeo0HI4pec801Tt4HGDT+tBIGm+lL7U3qMUAY2o2c8lw8gwU7HNR2FpFbzLJcMPMb7oq3rE7JbiNDhmPJFZE93LKY2kbOwYFYyaTDU0NUvXhcxIcVkojNlup6mp5Z0uwZGBDjgCmxSmIk4BBGCKTd2UVn+9RT5dpc46UUgPsXOaCcCm4DfhQazNRM5oNJRTAdRRRQMUEA5PQV53fk+J/FcwdN9hZLt+b7rOT/8AWNdtqzyJp0gjbaz4QN/dycZrBnhi063KQLhFH4k+tZVHoXBGdreuppNvFBCRub5VHrx/KuJnnnu3Z5GJLGrlzbz6vqwcgkqdo9hWrcaJ9jgUt94iud6ItXkznYLRXYA9a01iWFABwB61AEMTFjwKfhpsGTITsvr9a5pyeyOulSVuaRJneMAkKawNX1NIt0Kt868HFWda1f7BCI4sea/AHoPWuOJeaQkkszHmuilDS7Oao9bEiJJdT4HOTVy+dYI1gTsOaswxLp9oZXA3kcVg3twcM5PJraPvPTYma5I2e7M+9k8+XyR0HLVEbRcDip7ePPzHqeasYGa7YxsjmbKAtFHdvzxXZ6dpEGn6dp9+qsJi4Lknsc//AFq5yOLzriOJB8zsFH41319BjSGjX/lmgK/hUTNKa6mwrAN9aqXSKNSsLpsBVk2E+gNOt5fMtopc9VBpL4ebZuB/DhvyrFaM1eqGWKG2ku7Y8mKdh+FWLiYW9vJPIcKik1CH3au0gOBc26Sk9sgYP65rP1hJ9URLWHi33Zkb+9jtROVmEIto57SpBfX19cuC6xL5gHZmz3q3Hb3urXAfzgkKBTux3x/jW1Dp6aRo0qxIN5BZuOtUVY29rbraplZR8xU5IP0JpxldCcLFGbwpoSzPPKrPOx3NJJIeT646Vh3llplnOWEMBJ5LAjFQ6/qkwv2s458pIQGOAWXtgsP8a57VYliuTGjswHrQTKxZ1a+tJYjFEiF/VRx+dYhOaV/vGm4pkDl7mut0sWtrocTTypGzZbnr19K5a3QvIqjqTW/dWCR25cLgAd+apQclcTdiBruSRswIcbi241XSGS7JeQnbnqe9bEvk29lb2sSYuJky7HnaO9ZWoXix4hh4RRgYpWsU4paFe4a2g/dou9+5z0qoJueRmoycnPenKuTQFiUGN+qlfoalPm7MK5IqILgdacjFTVCsRhWZgp4561fn0howhicSblzxUDKHG4D5h6d6uWN0QSD9309KcVdiZntbFMhsg+hFRFMV0VxBHcJx97GQaw7mJonINOUbCTIQ5HBqYEdRUGM0qnjFSM6PRNVdHjtmYt16npXVB8ruXjNedWBK30bA45616BAdqICcqwyD6VrBkyJ4JuoPWo5hz8ozmkysblh0x2qUY2Bsj2HpWhIBWWMA+nWqGo/PYyDPTBzWoxBHPTHWqF4oMEqjABU4zSYDbJxKgOc4wPxrUmsbpIFmaFxE33WI4NZdiB9kjYnJPPFb9zrV1c6bHZOF2LjkdaES+a6sJa6VLfQK1mkjsoJkGOB6YqvHCqXQiufkAOGz2rZ0DxAui2jDaJGkb7gHK/jWJqV2b27e4IClzkgUXdyYuTbXQfq0NpBPss5PMQD71UAcHrWbe6m0chjixx1NUjqNyWB8z8AKl1EtBpaHQZB70h4FZ9lfm4fy3UBuuRUl5fRQREFxuPGBVKStcdhj263nmNIcL0BrAmj/AHxXqqnj3rWNx5saW8LDLdTTJ9NbK+Xz65rOSvsBlKuCfSr0enySwq6Ec9qS4snhdR1B71sW6hIEUHPHaiEbvUDFbTZ89BRW4wGaKv2aC59N44oPSgUVzm4hopcU00CHDpS0gFFAypqa79NuABkhd35c1z+oSB7YFeS4yK6oqHUo3QjBrhtIjmknntpTuEMpiX6A/wD6qwrdDWmrmho2mpbWiPIoMjHcTioNcmQDGORW84WKLPYVyWqt9omYL0rCbsjeEbswZAJJd3YVUvbtLK2aRiOK07pFhh7ZIyTXC69dtPceShyq9awhHnlY3muSF2ZdzcSXdw0rnLMenpWvpGnH/Xyjp61BpultIwkkH0FbF7OLa28pOpGK6Kk/sRMaVO37yZi6rcGacoDhErmp5fPn2DoOvtWvqMoggbu7fzrBhG0bjkuTyfWuyjFJHJVk27svRnsKeaSNDtDetOA9a6TE1fDVsJtUErDKwjd+PQV2rFWjKkcMMGue8Kx4trg8ZLjn8K6LaAMtWEtzogrIpaZI/wBkaFusTFTVzzAIjuOFxzWf5qWN/Ish2xTDeHPQEcEVW1HX7e1iIiUyk8DjipaKTIE1B7yWxhXI25jXHG4Fs8+1dDH5x0+W9tbTzoo2KKTIFyR19TXJaZDID50+UkeVVVf7oOf8Kn0TVbi08L3lhCpWZi+JB1Gc8n1rCpF9C4SsVrvx9LbTtHPp6KoODh81nX3iOC6sZzYsYXZAqgfw5PzYx9K4pp5Hud0/z5PfmpJREIDImVkJ4IPBHpWsVZGMptmoo8qKEKBubDMSMk1n3rmWckgD3FS2zu8as5JwMDNVZj87H3P+H9KCWVT1NJTyMmk2mmI1PDti2oa3aW6g/M+Tj0rqPEES2MKwzHad/IPYVy2jxztcl4Fcsox8pxipdXSeG4jN5IGO3dtD5x9fyqoyaugsJc3hBluDw8nyoP7q1jM5diSallZ5QZH4XsKgpDHAVIDgH3pCpUDPWkAycUAWY1ytOK4qWJcJTX71QCIcEUqHybnOODzUalcHk7s8Y6UrHcqt3BxTRJrxybXXHIIqtqgDIsijvj6UlvJuXGeQOKjuZQ0LLz94Vo3dEmf05pp4bNLu7UhOetZFD43O9T713tlIxt4w+Mbd34VxWl2b3t4saLkDkn0Fd5HEEQAemKuBMhy46dADgVKhxkHpUK8Pkk/lUxkXHHWtSSU5xyRiqFzGJ9oLEDPI9ass+RjNROoYcChgVdMkP2NADnaSMfjWnvyuCOax9O+QSoR92Qir+4s3pikmMsTzySSb2ILED2qJyzxtj72DQ7DjBpu7r6UydFojm5RiVsjnPNKsEjIX24UdzVq+uY5HKxoODy/rVPcxXBJxXO7XAkt5GidnTrg1TuWLOozkk5rSs7dZt5Y4UDrVf7Gd0krHheFos7AiGLMeCDg10VtJ5kCMTnjmufxVuwuTFJtY/IaqErMGaF8EZFVsjJ7UtvPCSIkPTtTHuRcrthAZh61NBAI4wSoD9zWqet0IexGaKY6ndRV3A+nAaWkBpeK5DcQ03k06jFACg0tJSgUgGyMI4ncnhRmuW0BfNae5IAMjk/nW7rUwg0i4f/ZNZeigRadGOhIyaxqPVGkNi1fK7xbU71izWS2sTTzEZ9K6AvxzXL+I74MBCp+tYVLJXZ1UbyfKjldRlaYsBwO1YcOj+ZMZSMj1Nb5j3delNmlSCM/yrnjJrY7pwi9ZbIoS+XZxdqwr26DZkJ6dKnv7l5pCScL2FcprWo7ibaFucfMfSuqlS1uzgxFZPRbFSS/F7fuvVFzg+pp8kXl/MSOeMelYsO6ORHUkLu5PrWw93HLNk4CLwAT1rtjpocL1Zagcqm1vvUrSRofncL9TWbI890yJHGzEHA2DJq9aeFNYujkokCH+KQ5P5VXMCizo9D1iztIZFJZ2ZsgL3/OtA6tqGoNtsbXanTeeg/HpUWh+ErTTv3ty32mbtuGFX8O9dGMD5VAAHAAFZt3NkrIwI/D7bZJ7yd7icjIUEkfmetVL23/0Frk7S1vKuUxx/nmurJ2IzY6DOK5S8uoH+224fYs+H+Y9CCDQDNSe3R3S6j5VkDDH+feuOs47qLSriXzMGRSytjgZyacPEV5YAaegidN3yMeSFPbrWtCUi8I3MjozKlrGw2jOGJwCfbmk3Zom9zz+CASmQqRleMY4JpPsjNI6J8wTbn2JIqeyZY7dpG6sdxq7pKKLaW6mL7ZpMBV9B3qWxJEccPykrgRqSPwFZUpyT9cVbt53YXBDHyQrFQfdgBVFjyM/WmhMbRR1NKFLHCgknsKYjb0mZrWwlkVhudsY74Hes2QyajdMzH5RyzdgKlgMjRiDG1VzuPrUlxsig8hBtU8uR39qBmZcSiR8IMIvCipLaEbTNJ90dB60eWCeeBSTTF8KOFHFMBjsXcmpoYTnJpII8nJq0uBQA8DC4qKdywGccDAwMVMTxVaY8GmgZXVsNxUy58p/Y5qmxIbirSNkP7jNAizYsGnANJdkK5QdM5qrby+VcIx6A806dzJMx6AmqvoKxCxGafGhc+uewpBGOcnmum8PaUPlvJl+XPyA9/ehK4Nmno2nLYWY3IBMwyxxz9K0c0Hgn+dBIPQ5NbLQzYmC3OOlIcDpS4JbGOaafu9DxQAAACpAOOKZ2pwOOhoAo2ybZ7kY4EhqwBhjyaiQ+VczyOCqFhhz0JxUpcM+Vwwx1FJBe47jrUcwLxugOCR1rMvZnSbEc7FfTPSnw3hmheKRgHI4alzK9hFa8hhglCQzCUbQSQMYPcUkFrJOwwML3NOkihjhBV98h9DwKsWMjvCYge/X0rNLXUUVZEscSRKQv3F+8fWkkjLWLELyxzUswAVIV/iPNWsAKF7VpboMxLa0ed+flX1NWf7Oj+6JRuqTUXaONdnGT2rMErq+/cc1DstAHsWtZmCMcirlrqBZgkvfvVCWTzn34wTTVBUg5qVJp6Ab7cmimQsHhRj1Iora4WPpkN05pwbBqBT0qasDYfnjNLTKcDQAU4GoyaXdhSfQUgMLxXP/AMS9LcHmWRV/rS2oCRhPQVjarei812OIHKwHn/eNafnBF64yK5py941itB93c7I2wegrh7+4L3Jyck1tane4UqprnQNzM7d65qkrno4eDirjmfCZ6CsDUbzL7Qfwq/qN0I4yM81wGta6ELRW7bpDwzjt9K1oU76kYmrZWH61ra26NFEwaY9f9muW84vkDLM3LMe9RFJJZfmzk85NaOn2LTOqKMsxwMV3KNtjzW+ZjLexur4iGFeM89gPxrttK8AwiNZLyRpD/dXgf4mt7w/oMdnbxllUuBnkdDXRlVRcdTUtm8aaS1Mi00izso9kMSIB2AqztVeAOKsMQKgbk0IHYTGeaZI4ijLnoOtSe1V3nLsUhXew6nPyj8aZJTm1GPaTksPRRmuU1y7jL4hjRGxzuUZ+tbHiHUv7NjWPeXu5BkMeka+oHrXFqk1/KVj3MzHk9SaqxnJ9CtaSCTUI42ALknLjpXVahcGz8EXyYwJYLdFOevc1oafo1jpmgyGaGI3bMv75x93PGPpzWF42eS0so9ONuygLHl88ZwOMfjWTd5DtZHIxkpBuJP8Aq+B29qka/u44IbXyjF5SnAwQTnuahmbMSqgP0HoK2Nev9RZoU1BYgwQbAse0hSvT3Az19aZJS8sW9kFByWCkn6DOP/Hh+VUVR5ZQiAlicAU+FmaPYSSOij09a6zRNESCAXUvMkgyBj7orSFNydiZOxjWvh24ncb5ERe55ovtOOm3fkKVZ+zrnpXWy2x8lykrLgegxXLXpmTVU84jG3CkcA1vOnGC0JTbECx20GCAO5NZckhkYsemasahKWCr0HU1SHzewFcxoDPxxUYGalZPlBPA7CkRS3QUwFVyo4pRI2aXympyw+poESq2VqKUcU7BXimucihDKpwWqSNsD8KjPDU5Bu70MQ3nrU2fuGpoYk8s5wTmrdzHEEVggoTBkNpamVwWHyZyTXaWGPsMYxwOAK5m0YCNwBxuro9NybMemTVQepDLXbGKaRk5/lTs0o4B4/GtSROQD6+tGD+NSQKjSqsjbUJAY+gqa+ht4rpktJjJFj7x9aYubWxUPB5p2doJx26U1AWOMgipxAR75oGcrJeTy3skbuxjI3BM8A/SpI55ItwRiARin6k8cOrqEVdzIQxx0NJaxLLMTIcRgZNZWdxW7EDKwxuyM8802r0slurYij3Y7k1WaOOSGRvNVJBjCY60WFe25HEolZ1BwQuc0J+7xtOMd801FEa8Z+tNlbanHU8VJRs2Lm6Pmnnb8taO31rP0uJorNRggk5rRQZHNarYCrd2/wBojIHBHSsSSNkbawwRXUBQRjHSq89rHIwLqDSlG4WMI27i383Hy5qJV3HA610UsKm38sDjFZUNnILkblwAetQ4jsX4UKQoCOcUUO+GxmitbCPpKL7wyalBqmsnI9qlV8k49KwNiwD707OKrq9LvoAlBJNVNXvl0/TJp2/hU4qdGrkvHF1+5t7XftWV/mOeijkmpk7IErsy9NVmkEznLOS5NS3uoOJRGp+v0qlDfoloJT8q7eBVFLjzSZW+83QegrzJzbkepRpaFueQyE5PJ61n3t3HaQlmYDApbq7W2iLuea4LV9Rl1CRzuIhXP41dGk6jNqtRU42Kuu+IXumaKBiFPBb1+lcrJu81c9zUks2ZcUbfMZfbmvTjBJWR41Sbk7sXrMF9a7XwpZx7/Mdct2HpXK2sDSTb+vIArtdOAspowPu4AP48fzH61ry3IhKzO2hYJHgUpk96qQzBkHvSl+Rjp71z21Onm0JGY+tMJppYZpjP2ppEtisMj94cr/dH9ay9d1saNaZjCvO/EaY4X3NJq+txabbk5zIeAB61wtxNd3tz50jBpJOin+EVSRnKRUmuLm/uy0rGSaQ/MTx/kV0+kaXDERBJnzJBuDqeQe/NVtOsktLeWRlVpsEqTzjiteyIZIy0yAclW3DIyOVP40MUSe5soBbtBcaifOa5jVIZW+/H1JJ4wM459q53xpp95dy7tLs7l9MtZJFVwcr97jHOTwOtdxbanKLTUEtLZZp4IfOLErhFUgnOfbPSuO1D4kXrailytnayKp3FChwf1rG7Ui3axx/2i1WCWKKJ/wB4sYaRxyn98CotSv5NU1KS4boxwi+i9hSX08TgrbyMUkfzHQrjDY9e4BJxUuk2TXMoVVJYnAx29TVozNPRNJa4nTI4z+ddq8QUBRwAMCmaHY+SrvtG1V2KauyR811UtCZFXyd0Ev8AumuK114zCrDiRW+Qiu3v7hbSwlwR5jLhR3+tef6s0Y8uD/lov3qKsriSMuSZrjkjAFPQYALcAdBTlRNvHaq8khZsL0rmNB0khkfB6VMJ44lwOT6VVIwuTxSKW6ojH3xQBM88p5+6PpT0uyOGH41W+0ODgqfypPNVuoANOwF5pVccVEWzVcNjoalzuGRTQiOXjmljO11+maSYHy801GG4fShgi7BzA7/7WBVmVy9uD6YqGBT9jxjqN3609fmtyPakJk9lIcP9RXUaV81if941yVi2JHXPUV1mjt/ojDH8RojuJl5enIpD046dqcCOeMmmYOcZrZMks21s8ys5YRqFyC38VQcZOWxQd21VLHjt6UnAHJH0piSfUtWaItyjSg+UWG7HpXS317YW3kyWUcbsFORjtXKAsuCozjk08SkP8wyO4zRcyqUVOSbZz2p2r/2tDMWXDyHnHrRexvHKVVfkIzwOpq5q2NsUgGNriiS/gTJHzHFSa2SM1Fl3KUQkg8ZHFNkR45X85RvY54HFTxX7yXQdsCMHAGK05YUlbLgH3pWuCS3MWVcWyHHrUEBzeRBhuAPIroZraKWPZjGPSsu102b7T5m35A3Wk0M3o1CgEDHtTsAnilABAHeg4U5Gc96q40gxgc5xSAc9KbuPualjnYKy7Rz3IouDGSDkADmon61JIxPNRtknmgdivJFlutFK2c9aKLhY9+SQDAqWKQCUgnqMVmLJ8wx0qTcxbr0rI1NdTxnNAbPFUrdiYzzjmrasAuP1oJJkIVTXmvjh2vL+NQfljwhH15P6V6G8nlxsxPAGa8l1PVUkuZpAxYvuKgdsnGfyFZVXaJpRjzSsQXM5YRW6dO49BUrTraxZJyewqikqRAzzMBkd+wrD1jVyf3cRPmP0/wBketcEKbnKyPVlUVOFw1bVHu5jCr/KPvkfyrEv7lYLU9uwFKhCrgcnvRcWaXtvtJwwORXr06ahGyPJqVXN3Zy28s5J9avWrDcWPpUFxaPay7XH4+tT2C+ZLsJwO9XHexgzc0oAop9Dk10pAaLdgnA5A9K5e0YW8xQngHI9xXRQTYQDOatoSNOy1EOgUsCRxkd60ftKtt5FczPbRMTLE/lSHk4JANVXmv4x8kznB6hlP81pOCkWptHYNKvJzWNqOtx20Z2nJI+UDq3+A965+bUrkRP590+OyDbz9cCssyMxMs7lmPQE8n/61TyWBzuTXE0l5KZZjl24VewFW7dQmXON3SqMbgMD1c9fQVahOTz60Elxpz5bZPGMV1fgmaO/1OVrgQ/YbC2DSbhwSR3J9Bu/IVw15IPLOKriWZYbiOG5lhSaIJKEOBIvofWs5q60Ki7F2y1172A2EcoSKYSLKI12uy7gQGc53D/CjX/D72OlxIZH+b5wCgUEdBk9+v8AOrVr4Z0yXRbXVLOWWN90qSRyuCGKBT8uB1+Y8GrHifV4L7RbLTIS0+rGTaSh4HAAA9gKw1b0NOmpw1ppc1/fi1tFMzDqQOK9D07Qn0m18vYRNJ8ue5/+tWp4R0ODS7AH5WcczTf3m/wFaEdyLm7ml/5Zodq/WtFuTYI7YW9skY5IHP171VuAscbuTgKCSat3V5HbLCJD800gjRR1JP8A9bmud8Qs1vG0wl+WTjArWLsJmFq96drTPySc4rkZJvtDSSSkeYeetauqXDTzbQeo5XsKqf2cGeJSRubsOwpyV9SL2K0FvPckIisQTzxXUWPhPci+b948kdMVd0qzjh2gKCBz+NdPaL8uSKnlsNO5jL4VtygTao+i81V1DwixEKxu2XcKOO1dlCfnXHrV+JEbVbdXAKxK0rZ9lJpOdiuRPU8audDdLmeM4by3KZ+lZFxYSRkgKT/OvRzbKbKS5YcuS5/E1ydwVEhBGea292S1MtYs5UqynjPFWIJM8VdvLdZHLRHn+dZmCj+hFYtcrNE7otS/6oiqyfep8shYAdutMXr+FS3qNGpE4Nup7YxUkPMZU1XtMPaNlwCpwFxyakgbkqTQSLbEpcj3BrqtLZvsO/HBY81yYIS6XP8Aerp9KObMdfvGktxmojEYJp+8selWrrSWgs4po5RKGXLBf4agVRAGWaNt5A284xWhnGcZK8RnzfnSkAqBjkd/Wn7Rng5FOUfNvI+ReT9Kq5dhqKGU844qS1hSeYLLJsT1NY19qzmZltwETPHrU2lTTXHmBmztGc07kSta1yTWYm/s6YhTsH3T61z7qVgjwwO8dAelbeqaiGszAJN+AQF9KwYbhngWMgAIeMDrSJfNoSphGUZwoPNb8LLIgZeVrn2A7VYt7t7bjqlBSZszSeTHkde1WVuXkjQOAMDoBisyOZbuVdp+VeSK01x6ZpFcqbuPX5jnvTip/iFCnnFPP3Tk4NIohXAY/wAqVm42jGKTjzKdKVU5UcUBcjx9OKiPDGpl+cnjApsqcc9aLjK7O2eMYopj5VsUUwPZ0bCjLVMHBIHpVNDhRk81MhHWoGXopyFIFSx3TbwDjFUsjAxSPII4yT+FIBviPVVstHncMA5UhR7147qt0IdiIwLHG9vYdq0/HmoyyXCZlYpu2gZ4964Vrp7qdlJwg7+grnb535HVGLpLXdl5L6a7Z5pXJhVsRp/eI/pUTISTJISXfmmRuBgYAA4C+gqUMWOTW9ONtTOcr7jVjYnjmrUCZOO9T2VurncTjPAqwLQo5YdMYqnUs7BGjdXOc1yIqqvjgHFZELGKVWBrrr+y+1WjqOTjIrlJI2jzGy4YHvVxlcxqQ5WazOJ0VsYYdCKs2+oSQDbnOPasaC4KIFIPFWoruPo3XscVvzJmNi9JqDu2Q2T6VFPq05jKqOenFRS3dtHGMBSfbmsi4ud7/uxt9AKzk7FIsfadpLPln9+1WLYCQGWTPPQVmwozcgEnPNXvMPl4APSs7jZMkoEg/OrUU6hASetYyud7EnoKtQNiJeOaExMuTt5sbcmore3uNUuobGxXdcz/ACKpOAOOp9KQP2zxS2N5bWseo3zDzrqNPJt4AD0cENIT6L/NhSk9BpXY7UJJbGX+zVfy47WVnwsm9S+0AsGwMg4GOO9avhq1QWM+rSqTPKxSAt12fxMP5fnXFvJMDMsocO3PzdR/kV3U9xJP4X0+8sFAhtIgsqKOQvQn3wetZos6vUJJovD0NrbrhppYoQe5yQWP5ZqzPJDZWTIpUuiknHUnrWRLdC/0K3uIpMiNw4I/n+BqrfzGeaS5i3KT8rRsPaqUQuVoJpLi8ur+WRnaBNkK9lLAFm+vOKqahqkc6iOP5kUbduMED3/KobKZ1uLi2LfKY92Pfof6VlamwRiqZwR8xHrWttDNvUooVy9xJwCeBVrTy1zO0oU7QOKyLmcyEKB7VuaU6w2xBPzYwAKG+gWOmsEYKq9zXQQKVXBOMVy1o2pTgeTEsA/vP1q+dPvWXMt47Z7LwKlscToI5UjkUs6gA85NJPqscEOqXQYELbGJDnqWIHH4VzEumuiFmkOB3JpyaRJc6QxJLRtJ1z04qGu5dye7uF/smONCCcDOD2xXFXL5lJq5f2t1Zz5ZmMajjDYrOnIKlwGHqD2rWPczYtpbve3aQx43McDJxUGq2P2eaSNiPMTIOO9RrKVbcjY9xQ7mQMzHJJ70S1BXuZpGMc547UKfmpysYySuOQRyM01RmQD3rEst2bYVh71ZmiktLvZKNrEBuvYiqUHDketWJBnDE0yXe4StiUH3BrqdHJMDD/azXLXAGFI9K6jSgyxRnHDx5pFI2YZWiYFtxjPDKDgGpyzXDPI0gOB/EeaprlxgdqkH601IlwV7ossgQLz1qO9eZtPeONflP3iOuKMsQFxUq/dKk8Hg0+Ypo5R1Ip5uJorby1O1WOcjrWtqH2e3j2RovmN+lY+09GrVO5i4rqMhhMz4zSNbNbSujD3FOCNvzH/DyasC9EkimZA3Y0ne5RHBCZnCL1NR3UT27MrduldDaW8G3zYk6jrTJIRcXGNoKr1qbhymJY+dFKj7W5PPFdQOAPeoiigcADFKrcYouUlYsDGODzQTwRmolPNO6gjHNIYpwOtD/MMY4ppyBzSk/L7UwFTHakcgE5piS7X5Hy1G8mXAByKl3LRE5G7pRUU9wI5NuKKBHr8EoIAYdqmYgfhWbG5ZyueQeDV22Uux35AU85pXL5S0CNu7p9aytYvTDF5QOJXHH+yPWp728SK3aVziNPujP3jXlXiPxPJNPJDE/wA8hwzj+EegrCrN25Y7s3oU4uXNPZf1YzPFOqLdagkEB3iHgntmsdT5MfYsTz7munk0LS4vC/8AaBvB9sJ5iyM1gRosa+ZPGWV1PlhWHH1p0oKMUiKuI9tNzGxksc1ehG4gHp3qjEDuwBWlFEyrjgk1s5BGN2a1oApBC5A6Vet7y2hZluYfNyDxnFZcTPGgUY4p5mfHbn3rn3Z2O3LYtIsDo58wKR0GMk1majpsN2BuwHXowq0spB5WnqDPIEVcs3StE2jBpPc5ybSDGoYNx9KqPpvygq+a6SeJmyqkYqoIxbt+8GR61fOzGVOPQ5a4geKTbng96rovIPqa0L5xNfy85GTjFQLAzyBVGeKtM53voaml6xHptpdRfZIpWmXAdhyn0qjuiI6MCc554NPS05+d1UfXNSfZ4BwJiT7KaLEKCTbXUpGNh90jHvTkkeNQpQkDuKtfZ5D92JmoME2fubfrTKIRLuU4DA+4q/4baKLVboTQLNB9lIk+XJHIb+mKqm3lPUqB3qe21L+zvClwh/199M20+w4P61E9VYqG9yO8hsdQS6vrEbGL4aIqflBB5B+tbfgu6A0C6ikGVDOhB9CAf8a5a0leGN4y+FYAsB3ra8KXOLi7hUfK7Bv50hl3Qb0Wer3GnFs2ssjCEHsfT8RV55Ht9XeGTPlyABfqBx+n8qxNVsGguHljYgl96EdjXQME1jSo7teJgMHHZh/9etYslmVqsTW99FdxjA2kOB3FR6hbxz2KyRKMn5ifWtCUm7tY5ABuXIZDxz0rJt5Nk4s7hhHEc4JPb0zVks5ySLbKrBflJOD612mi2SraLIygs/PSsfUorcThIAPKGFXBzzXWWabLaNcdhWa3BluFRu74q+gBXpVWEcH3qyH245/KhlRQsyJJC6MByMDPvRNGmjpZ6dHJvHzSzAjv2o8vz7uziH8coJ+g5rLa4N1rWpT7tyhvLQn2qLXZTI9ZihuoGdAMjrXIXUB2Fh8ynqB1FbV1cPBMwJ+VuorOjcSTMvQGtkrIy3ZzJ/dSFe3alYYgB7mrOpwhbltgOF6iq00qeUNvUjFQ2WkU2pIxmQUE0+3GZCfQVmtxsehxNVvG5SKpj/XfjV1AB3pksikOUX8jXU6fMRbWoXspFcvKMZHrzW9pDhrOJieQ+KllI6EFSE2Nlz94Y6VLsVW61Xhbacr96rCvvbJFTcu1iZCQ24dqxr3U3eVkiO0A1sMw2kZwDWJcxQW2T95z0FXBq+pE720KUkpdgXJJ9TQzAde9MILtuxillwFzXQZF6yVJLSYAjeanXTkWz34zJjJqjZu1opl29uKRL+VZSxJIPUVm03sWmjat7pRZBU4f7uBUsK+WmM/MeTWLbz+XdCQj5HP5VufeGRUW7lXEbJzRGAevFIW28etKg+Wi4WJSMDgUDpmkLjGDTeRx2NFxjmzwTTmyIs5GD2pp9M00Ix4JpXKsMAJ7Um5YhkjmrKrtPtUEiK9ydpyifqaHIFEjFtxl8Mx55oqRnIIBXtRU3KsdtBqsNyVaFl475qydYjkbylcBF/1j5rzKK9mjiwjlBj1pkt3I0LIZiAeSB3pu41JM1PFniyW8uHs7LPlISoYH9a5RktY497yO8+OmOM02SdUfbg5Pc1Umny2do/Os+XW5oqiSJ3uHkGCxI7CnJuYYFZ5lwchwPYimSXsuNqyYHsKv0M+ZdTobR1gLeaoyRjJ7Uh1K0t2JkuFB9Ac1y7eZOQXnLfVjUsdvCMYGT70Wb3Gqltkbc3ia1UERKzH1IwKqN4kmY/J5Y/OqflJ/cX8qckaKwZUVWByCB0p8qJlVmy0NfulkPmSKCOoIq3H4tKLh40b6VlyRrLK0kqB3Y5LZ5NRPbxYz5f6U7E80ramkfE5aUvjb7CobzxLLPGERQmO471kyxxr/AA4qDy89DSsHOy1HfOkpcgPnrmpzqKE7ghz7mszBXrQfXNO5Jpf2mB/AKUaxKn3VX8qzKVWAPIp3CxqjXrroEX8qlXVb+bjYuPes+NovWrKTIvSi7Cw+4vLpMJhAz8DbRqR33EEAH7u2QRAerdWP/fRNSaan2vWUkIyluplI+nT9cVXlYyXhcY+8SR/9aluw2Q6NVIkLHGFJGaveFp0i1GRCQGccZpqAGN2ZVIWJj0/L9cVlDbbhJVcrMPmXFNqwjqtUuD5ihydhJUn0z0NQaLr/APZd3NC48y2l4dfQ+opv2uK800yNjcIiWB7EVzLTlpS/ekhnoF9d2jW4urWQMSu5l9TWXDc2l/JskUMOpDCuVW5dcFWI/GrEUxmnRoiI5ifoDVqWhLRoralNVWMAiNmDAV3sMZCL9K5bTUln1PM6BXRcEDmu1ii6Y6DpQmFhqqRUqDinsABx1p0acFjSbKSEicQXNxdHhbW1Zgf9o9K5fTJAunu7Md8jlzWvrtx9k8N3RB+e7mEY/wB1R/8AXrnQ/lWiJnoKcFcUnqQX7h2J6mqFsx88fWppX3E1DGMTA54rZ7GXUq35VJJ3b+I4FYLH5jWrrEmNi9z8xrJxxmudmohqe3XALY4NVwNzAVd4WHGKF3BkSDMuatoMnFRQxk5NTgUiWMuceWpHUGtDRpcZiP8AeBFUpELpgVJYv5c656g1LLidczlD71bhfKbmFUoWjY7nq8jo447VmWMdySaoTWfmzhnfAov73y5gide9VLuZ2ZGBI4raEXuRJonu44oNqJ19ajgtBPMilhjqRVXzHfljk1a0yTbcscZPatHdRM1Zs0NSWGO1C4HFYbrjkKQD0rozAJzvmGfQVJcWUVxbbdgBHQiojOxbhcy9MgS4iZJOnY1Z8yayJRhvjHQ1JpsDw70Zeh4NXWi3nFEnqCWhQgna4cnYVHbNWs5zmle3aPB7GkC5XGKm5VhD8xwvSnrwOeaYEYDg08e9Awb5Tu60iyepwSadIw2YFQMdo7ZqblJD55CqHnntTY8ooXv3qk85kuAhydvJNWopGzkj86BoexOecUUjswaikBzr3qpGoU7ziqk19JIcAgCq/wAwjB9qiwfWtmZIeW3NncfqajkUDuacpA7UxgTUWHcgcc/eqAgk8VOyEH1pFwOopAQ7WHSlWV0OasYjK9eajeMDoQaAFF249D7GpI71G4YFTVZlIpm38KdxGqHDDKsCKXcfrWQC6NlSR9KsR3bdH/MU7gW5WypBUEehqk6qOnHsalM2eRgj2qIyq3DDFMCEnsaaQO1DHnjpSbqQBSUuc0UAAyKlVmHX8xTB71ZSFHT5GIPcUAaWmymz0i6uWVgZ28tXxxgdf1I/KshpRJMGI4qzPdTDT4rJ0ASMkhh3yc80+zgW5KRRxeZIR0HU0RTuDZeW4T+z7mSGWL5Y9hVjy2eOB7VgHLGus1uwsdM8N26KoTULmTLr0ZUHYjPHauYKCNfUnvWtWLi1Fkxd9RuWVdu7g9qQUhOTTlXNZFDe9SxsAeajozigDsfCMjzT3MkhyqqAPzrvEYYGK4bwlj7NNgYBdRXe6fbC8n8sMFwM5NVsrgR5AbBpzzqsfcAelRyhI5WUMDg4qhfXwRcA55AxRa472Mnxbd7pdOsgfuJ5jj3Y5rJnnBx7VX1G7N7rs8ueFO0fhUbsT3raKMW7jt+457Uobk4qIHioriQRpnNOWwLcytRk8y9YZyF4FVn9KkHzuznvzUb9a5zUWFC0gq3IpBVKjhTYinvnNX7KL7TeKMZ5yaHohEsdqVhGevWonj2810VxEiqOKyrqHbyDkVkpDaKKjmnxoBcKT0NNxg5p45GR1FNiR0Vmu+EHrip57lbOPIXk1U0ifMboaNSlVlCKMmpSvKxo3ZXGTtG+24I5ParFs0V4u1lxisl5CygE9O1XNPuUiJBHXvW8laJlF3ZJc2ZSTEYOKt6VbrCWkYZNMnuQU+U5qquoFfkxxUXlJWKsou5rf2hB5+wnFaKsHTK9DXIuhLb0BIra0mSWSMoc8U5RSVwjJt2L7HHAoDgikIw+KY529KguxIG3kBjTZv3ZwOaZHKm7BPNPZkkBHQ9qLhYSOXKEetB+71pmAqY71VvpJUtyYRlhQBYdsL1qvPIscJZj9Kp2eoGd5FkG0KM80Mov3JYkQjgY70BfsWo4f3SkNnPJNSgEgKeQKbGscMCxxg8etSRZzgj6UhikdKKlEjJ8pUE0UrsdjkGhLKAOOKabSr6REKPpT1hZ2CqOTWrZmZTWpFJ5BrVkgZWKEciozDg8ilcLGU8Bz0qJoK2TDkU02wOeKVwMVosdqjZCORWw1tz04qJ7UYPFAGTjNIUqzJblW4phUimBV8sg0FfUVYIxTCKBFfDKcilEhPDDNSEYppweTTATyge+PrSGBh71IGGMUhz2OKYETR49jTOnWraOm0iVc57imiKN2+/8vp3p2FcrVJHIUYEVMLYqeCCD60S2+G+SjlYXNWBoRbh2w5YY21kTsFlLxDYc8bTjFSW0pjmALfLVeU85oYAjFmLdfXNDtkZFIjKueetD4A4pANFOYY4FIOB70daQxKXvQelCjcwHrQB2/haPFip/vOT+ldXDJhsZxn0rE8NW+3TVkI4A4rSmlEalsjNaLYew+6nWPJHGe2a5nVb8r0Ycc8VNe3xY7Qa5zUZSxxVpW1M27iWjElpDySc1ayCc1Vt/ljFT5xVLYhkhPFZt9LuYoPpWg7BYS/GfSsxF82bLVE30Liiuo2qRTAm6QCrMqbS1RpGwBYCosMmOCAoro9EsgkfmkctXPwR7mH1rsbMLDBGvtWVR3Kih2omP7MqBcP3Nc/PnOK1r1w7H5qyZCQ+DURQ5O5TcYNOQ4pZAAaYhBNUSammHbdbezCteRUC9BmsGCURyxOD0NbjEMuc9ahpmsTP+wmSVjnC9apT7Y3KqelXri5aPKR8ueKpQWMhYyTcc55rWEn1M5RXQuaajOPmB5qzcaduO5OKs2GIVJKjmrAO9uKjmd7l8qsVrC3MK4cZFaqrHGuYxiq6/KD0zUpbEVJu71KtZaDlIPJPNEmNpx1xTIOetOfIXB70X1C2hzE8skd0XaQ5B6Cp5tYYlTGCMdc960H0uByxbqfeq76fDHA6quWI61pzRZHLJEa62oQB1JPfFXYr2GaAurDAHOe1cswwSO+afDJtIjLYDHmhxQlJl9Lf7VcuyZCE/nWmqNGoGOF6Yp0EQjjAXpUxOBjGahtstWRWLsCeDVuCcshyORUTKSacm1MA9O9IdxWLMc5op000Zf5VwMetFFxmOOg+lPj/1g+tFFWzJCyffb61E/aiikinuNpKKKBEb1FJ0oooAoTfeqs1FFNCIW60w0UUxDG6VEehoopgNp1FFMBw6Co/46KKoSLq/dFPTrRRWiJM9f9b+NI/U/WiisehQztS0UVIwooooAU/dp0f3xRRQB6bon/IFi/3RTL3vRRW8Qlsc9c/frHvfvmiirlsZLclh+6tTdxRRT6ANuP8AVfjVW3++fpRRWT+ItDbjoalj/wBX+FFFAD7b/Wr9a6tPuj/doormmXEo3H+sqlcf678KKKSEypN0NRR0UVQiYdF+tdAn+oX6UUUi4mcf+QiPrWncdBRRSKRZT/VCpYfvUUU+gD2+/Tz9yiipKFh7VJP/AA0UUuoyOTpUB++f92iiqQM5S4/4+H+tVv8AlstFFa9Dm6nYwfcj+lPfqaKKx6mwjdqZ2NFFNbB1K8v36KKKoR//2Q==\" /></li>\n</ol>\n<p>123456</p>\n<div id=\"gtx-trans\" style=\"position: absolute; left: 515px; top: 78px;\">\n<div class=\"gtx-trans-icon\">&nbsp;</div>\n</div>','这有内容。。。简介123','123',0,1,1,'2019-01-23 13:08:23','2019-11-20 19:56:03',112,3),(4,'标题4','这里有一些内容。。。。。。这是文章，拉拉拉','这有内容。。。简介',NULL,1,1,1,'2019-06-23 13:08:23','2019-06-23 13:08:23',200,4),(5,'标题5','这里有一些内容。。。。。。这是文章，拉拉拉','这有内容。。。简介',NULL,1,1,0,'2019-06-23 13:08:23','2019-06-23 13:08:23',100,5),(6,'6666666标题6666666','内容6666666666','outline666','flag',0,0,1,'2019-10-01 13:08:23','2019-11-11 11:11:11',101,1),(7,'title','content','outline','flag',0,0,1,'2019-06-23 13:08:23','2019-01-11 00:00:00',100,5),(8,'title','content','outline','flag',0,0,1,'2019-06-23 13:08:23','2019-01-11 00:00:00',200,5),(10,'标题10',NULL,'这有内容。。。简介',NULL,1,1,1,'2019-06-23 13:08:23','2019-06-23 13:08:23',300,1),(11,'标题11',NULL,'这有内容。。。简介',NULL,1,1,1,'2019-06-23 13:08:23','2019-06-23 13:08:23',500,1),(12,'标题12',NULL,'这有内容。。。简介',NULL,1,1,1,'2019-06-23 13:08:23','2019-06-23 13:08:23',600,1),(13,'title','content','outline','flag',0,0,0,'2019-06-23 13:08:23','2019-01-11 00:00:00',700,5),(14,'标题14',NULL,'这有内容。。。简介',NULL,1,1,1,'2019-06-23 13:08:23','2019-06-23 13:08:23',800,2),(15,'title','content','outline','flag',0,0,0,'2019-06-23 13:08:23','2019-01-11 00:00:00',900,5),(16,'标题16',NULL,'这有内容。。。简介',NULL,1,1,1,'2019-06-23 13:08:23','2019-06-23 13:08:23',1000,2),(17,'标题17',NULL,'这有内容。。。简介',NULL,1,1,1,'2019-06-23 13:08:23','2019-06-23 13:08:23',1100,2),(18,'标题18',NULL,'这有内容。。。简介',NULL,1,1,1,'2019-06-23 13:08:23','2019-06-23 13:08:23',2000,2),(19,'标题19',NULL,'这有内容。。。简介',NULL,1,1,1,'2019-06-23 13:08:23','2019-06-23 13:08:23',3000,2),(20,'title','content','outline','flag',0,0,0,'2019-06-23 13:08:23','2019-01-11 00:00:00',4040,5),(21,'标题21',NULL,'这有内容。。。简介',NULL,1,1,1,'2019-06-23 13:08:23','2019-06-23 13:08:23',5000,3),(23,'标题23',NULL,'这有内容。。。简介',NULL,1,1,1,'2019-06-23 13:08:23','2019-06-23 13:08:23',6000,3),(24,'标题24',NULL,'这有内容。。。简介',NULL,1,1,1,'2019-06-23 13:08:23','2019-06-23 13:08:23',7000,3),(25,'标题25',NULL,'这有内容。。。简介',NULL,1,1,1,'2019-06-23 13:08:23','2019-06-23 13:08:23',10000,3),(26,'标题26',NULL,'这有内容。。。简介',NULL,1,1,1,'2019-06-23 13:08:23','2019-06-23 13:08:23',8000,3),(27,'标题27',NULL,'这有内容。。。简介',NULL,1,1,1,'2019-06-23 13:08:23','2019-06-23 13:08:23',6000,3),(28,'标题28',NULL,'这有内容。。。简介',NULL,1,1,1,'2019-06-23 13:08:23','2019-06-23 13:08:23',5000,3),(29,'标题29',NULL,'这有内容。。。简介',NULL,1,1,1,'2019-06-23 13:08:23','2019-06-23 13:08:23',100,3),(30,'标题30',NULL,'这有内容。。。简介',NULL,1,1,1,'2019-06-23 13:08:23','2019-06-23 13:08:23',800,3),(32,'title','content','outline','flag',0,0,0,'2019-01-11 00:00:00','2019-01-11 00:00:00',1,3),(33,'title','content','outline','flag',0,0,0,'2019-01-11 00:00:00','2019-01-11 00:00:00',1,5),(34,'title','content','outline','flag',0,0,0,'2019-01-11 00:00:00','2019-01-11 00:00:00',1,5),(35,'title','content','outline','flag',0,0,0,'2019-01-11 00:00:00','2019-01-11 00:00:00',1,5),(36,'99999999999','<p>9999999999999</p>','999999999','123',0,1,1,'2019-10-30 18:57:40','2019-10-30 18:57:40',NULL,4),(37,'99999999999','<p>9999999999999</p>','999999999','123',0,0,1,'2019-10-30 18:58:51','2019-10-30 18:58:51',NULL,4),(38,'测试','<p>测试</p>','999999999','123',0,0,1,'2019-10-30 18:59:35','2019-10-30 18:59:35',NULL,4),(39,'测试啊','<p>123</p>','','123',0,0,1,'2019-10-30 19:14:14','2019-10-30 19:14:14',NULL,1),(40,'测试嗯嗯嗯','<p>123</p>','','123',0,0,1,'2019-10-30 19:14:42','2019-10-30 19:14:42',NULL,1),(41,'55555555555','<p>5555555555555</p>','55555555','123',0,1,1,'2019-10-30 19:32:09','2019-10-30 19:32:09',NULL,3),(42,'999999','<p>9999999</p>','999999999','123',0,0,0,'2019-10-30 19:36:27','2019-10-30 19:36:27',NULL,2);

/*Table structure for table `t_blog_tag` */

DROP TABLE IF EXISTS `t_blog_tag`;

CREATE TABLE `t_blog_tag` (
  `bl_id` int(11) NOT NULL,
  `ta_id` int(11) NOT NULL,
  KEY `bl_id` (`bl_id`),
  KEY `ta_id` (`ta_id`),
  CONSTRAINT `t_blog_tag_ibfk_1` FOREIGN KEY (`bl_id`) REFERENCES `t_blog` (`bl_id`),
  CONSTRAINT `t_blog_tag_ibfk_2` FOREIGN KEY (`ta_id`) REFERENCES `t_tag` (`ta_id`)
) ENGINE=InnoDB DEFAULT CHARSET=utf8;

/*Data for the table `t_blog_tag` */

insert  into `t_blog_tag`(`bl_id`,`ta_id`) values (8,1),(8,2),(20,1),(20,2),(20,3),(36,4),(37,4),(38,4),(41,3),(41,5),(42,5),(6,1),(7,1),(8,1),(10,1),(11,1),(12,1),(13,1),(14,1),(15,1),(16,1),(17,1),(18,1),(19,1),(20,1),(1,3);

/*Table structure for table `t_comment` */

DROP TABLE IF EXISTS `t_comment`;

CREATE TABLE `t_comment` (
  `co_id` int(11) NOT NULL AUTO_INCREMENT,
  `nickname` varchar(32) NOT NULL,
  `email` varchar(32) NOT NULL,
  `content` varchar(128) DEFAULT NULL,
  `avatar` varchar(64) DEFAULT NULL,
  `creatdate` datetime DEFAULT NULL,
  `bl_id` int(11) NOT NULL,
  `parent_id` int(11) DEFAULT NULL,
  `ip_id` int(11) DEFAULT NULL,
  `adminComment` tinyint(1) NOT NULL DEFAULT '0',
  PRIMARY KEY (`co_id`),
  KEY `bl_id` (`bl_id`),
  KEY `comment_ibfk_2` (`parent_id`),
  KEY `comment_ibfk_3` (`ip_id`),
  CONSTRAINT `t_comment_ibfk_1` FOREIGN KEY (`bl_id`) REFERENCES `t_blog` (`bl_id`),
  CONSTRAINT `t_comment_ibfk_2` FOREIGN KEY (`parent_id`) REFERENCES `t_comment` (`co_id`) ON DELETE CASCADE,
  CONSTRAINT `t_comment_ibfk_3` FOREIGN KEY (`ip_id`) REFERENCES `t_ip` (`ip_id`)
) ENGINE=InnoDB AUTO_INCREMENT=33 DEFAULT CHARSET=utf8;

/*Data for the table `t_comment` */

insert  into `t_comment`(`co_id`,`nickname`,`email`,`content`,`avatar`,`creatdate`,`bl_id`,`parent_id`,`ip_id`,`adminComment`) values (1,'游客one','1333333@qq.com','文章不错点赞！',NULL,'2019-06-23 13:09:35',1,NULL,1,1),(2,'游客two','456798@qqcom','随便说点什么吧！！！',NULL,'2019-06-23 13:10:09',1,1,1,0),(3,'雷浩','123456@qq.com','内容内容内容内容内容内容','avatar','2019-06-24 00:00:00',1,NULL,1,0),(4,'测试','123@qq.com','ceshi',NULL,'2019-11-16 05:51:01',1,1,1,0),(5,'测试二','111@qq.com','哈哈',NULL,'2019-11-16 05:51:01',1,1,1,0),(6,'王五','555@qq.com','回复雷浩',NULL,'2019-11-09 12:25:05',1,3,1,0),(7,'阿斯','2910819096@qq.com','66666',NULL,'2019-11-09 12:28:51',1,3,1,0),(8,'77','775736156@qq.com','777',NULL,'2019-11-09 12:30:43',1,3,1,0),(9,'888','365651975@qq.com','回复77',NULL,'2019-11-09 12:31:57',1,8,1,0),(12,'阿飞','775736156@qq.com','啊哈哈',NULL,'2019-11-10 01:12:44',1,NULL,1,0),(13,'爱迪生','365651975@qq.com','6',NULL,'2019-11-10 01:13:42',1,12,1,0),(14,'阿斯达','365651975@qq.com','你好爱迪生',NULL,'2019-11-10 01:13:56',1,13,1,0),(15,'张无忌','775736156@qq.com','比较明显的评论！！！！！！！！！！！！！！',NULL,'2019-11-12 09:04:52',1,2,1,0),(16,'赵敏','2910819096@qq.com','我是赵敏啊！',NULL,'2019-11-12 09:08:55',1,15,1,0),(17,'张无忌','1143038749@qq.com','优秀啊 优秀',NULL,'2019-11-12 09:12:40',1,16,1,0),(18,'路人哈哈','775736156@qq.com','你们都这么厉害吗',NULL,'2019-11-12 11:58:23',1,NULL,1,0),(19,'路人哈哈','775736156@qq.com','666',NULL,'2019-11-15 06:19:53',19,NULL,1,0),(20,'路人哈哈','775736156@qq.com','1',NULL,'2019-11-15 06:20:00',19,NULL,1,0),(21,'路人哈哈','775736156@qq.com','2',NULL,'2019-11-15 06:20:03',19,20,1,0),(22,'路人哈哈','775736156@qq.com','3',NULL,'2019-11-15 06:20:07',19,21,1,0),(23,'路人哈哈','775736156@qq.com','3',NULL,'2019-11-15 06:20:12',19,19,1,0),(24,'路人哈哈','775736156@qq.com','3',NULL,'2019-11-15 06:20:15',19,19,1,0),(25,'nickname','123@qq.com','测试的',NULL,'2019-11-18 09:48:27',1,NULL,1,0),(26,'555','775736156@qq.com','12312321312312',NULL,'2019-11-18 17:06:40',1,NULL,1,0),(27,'555','775736156@qq.com','55555555555555555',NULL,'2019-11-18 17:07:57',1,NULL,1,0),(28,'555','775736156@qq.com','321',NULL,'2019-11-18 17:08:27',1,NULL,1,0);

/*Table structure for table `t_friend` */

DROP TABLE IF EXISTS `t_friend`;

CREATE TABLE `t_friend` (
  `fr_id` int(11) NOT NULL AUTO_INCREMENT,
  `nickname` varchar(32) NOT NULL,
  `description` varchar(256) DEFAULT NULL,
  `website` varchar(64) NOT NULL,
  `flag` int(2) NOT NULL DEFAULT '1',
  PRIMARY KEY (`fr_id`)
) ENGINE=InnoDB AUTO_INCREMENT=8 DEFAULT CHARSET=utf8;

/*Data for the table `t_friend` */

insert  into `t_friend`(`fr_id`,`nickname`,`description`,`website`,`flag`) values (1,'王五','这是我的博客啊！哈哈哈哈','https://www.baidu.com/?tn=18029102_oem_dg',2),(2,'测试','博客哈哈','https://www.baidu.com/?tn=18029102_oem_dg',1),(3,'测试','博客哈哈','https://www.baidu.com/?tn=18029102_oem_dg',1),(4,'测试','博客哈哈','https://www.baidu.com/?tn=18029102_oem_dg',1),(5,'测试','博客哈哈','https://www.baidu.com/?tn=18029102_oem_dg',1),(6,'测试','博客哈哈','https://www.baidu.com/?tn=18029102_oem_dg',2),(7,'测试','博客哈哈','https://www.baidu.com/?tn=18029102_oem_dg',2);

/*Table structure for table `t_ip` */

DROP TABLE IF EXISTS `t_ip`;

CREATE TABLE `t_ip` (
  `ip_id` int(11) NOT NULL AUTO_INCREMENT,
  `address` varchar(64) NOT NULL,
  `avatar` varchar(128) NOT NULL,
  PRIMARY KEY (`ip_id`)
) ENGINE=InnoDB AUTO_INCREMENT=2 DEFAULT CHARSET=utf8;

/*Data for the table `t_ip` */

insert  into `t_ip`(`ip_id`,`address`,`avatar`) values (1,'0:0:0:0:0:0:0:1','http://b-ssl.duitang.com/uploads/item/201802/21/20180221223815_xkkyq.jpg');

/*Table structure for table `t_tag` */

DROP TABLE IF EXISTS `t_tag`;

CREATE TABLE `t_tag` (
  `ta_id` int(11) NOT NULL AUTO_INCREMENT,
  `name` varchar(32) NOT NULL,
  PRIMARY KEY (`ta_id`)
) ENGINE=InnoDB AUTO_INCREMENT=7 DEFAULT CHARSET=utf8;

/*Data for the table `t_tag` */

insert  into `t_tag`(`ta_id`,`name`) values (1,'标签1'),(2,'标签2'),(3,'标签3'),(4,'标签4'),(5,'标签5'),(6,'标签6');

/*Table structure for table `t_type` */

DROP TABLE IF EXISTS `t_type`;

CREATE TABLE `t_type` (
  `ty_id` int(11) NOT NULL AUTO_INCREMENT,
  `name` varchar(32) NOT NULL,
  PRIMARY KEY (`ty_id`)
) ENGINE=InnoDB AUTO_INCREMENT=6 DEFAULT CHARSET=utf8;

/*Data for the table `t_type` */

insert  into `t_type`(`ty_id`,`name`) values (1,'类型one'),(2,'类型two'),(3,'类型three'),(4,'类型four'),(5,'类型five1');

/*Table structure for table `t_user` */

DROP TABLE IF EXISTS `t_user`;

CREATE TABLE `t_user` (
  `us_id` int(11) NOT NULL AUTO_INCREMENT,
  `nickname` varchar(32) NOT NULL,
  `username` varchar(32) NOT NULL,
  `password` varchar(32) NOT NULL,
  `email` varchar(32) DEFAULT NULL,
  `power` int(3) DEFAULT NULL,
  `about` varchar(256) DEFAULT NULL,
  `location` varchar(32) DEFAULT NULL,
  `vx` varchar(32) DEFAULT NULL,
  `qq` varchar(32) DEFAULT NULL,
  `finaldate` datetime DEFAULT NULL,
  `avatar` varchar(128) DEFAULT NULL,
  PRIMARY KEY (`us_id`)
) ENGINE=InnoDB AUTO_INCREMENT=2 DEFAULT CHARSET=utf8;

/*Data for the table `t_user` */

insert  into `t_user`(`us_id`,`nickname`,`username`,`password`,`email`,`power`,`about`,`location`,`vx`,`qq`,`finaldate`,`avatar`) values (1,'低调做个路人','admin','123456','1345@qq.com',NULL,'哈哈哈啊哈！！！哈哈哈啊哈！！！哈哈哈啊哈！！！哈哈哈啊哈！！！','北京朝阳区','365651975','1143038749','2019-11-20 19:52:01','https://c-ssl.duitang.com/uploads/item/201601/15/20160115155749_BQ3Vk.thumb.700_0.jpeg');

/*!40101 SET SQL_MODE=@OLD_SQL_MODE */;
/*!40014 SET FOREIGN_KEY_CHECKS=@OLD_FOREIGN_KEY_CHECKS */;
/*!40014 SET UNIQUE_CHECKS=@OLD_UNIQUE_CHECKS */;
/*!40111 SET SQL_NOTES=@OLD_SQL_NOTES */;
